,host_species,TOL_species_name,TOL_url,sequence,BOLD_url,notes
0,Sparrow,,,,,ambiguous term
1,American Green-Winged Teal,Anas carolinensis,http://tolweb.org/Anas_carolinensis/89249,TCTATACCTTATCTTCGGGGCATGAGCCGGAATAATTGGCACAGCACTTAGCCTGCTAATCCGCGCAGAACTAGGCCAACCAGGAACCCTCCTGGGCGACGACCAAATTTACAACGTAATCGTCACCGCCCACGCCTTTGTAATAATCTTCTTCATGGTAATGCCCATCATAATTGGAGGATTCGGCAACTGATTAGTCCCCCTAATGATCGGTGCCCCCGACATAGCATTCCCACGAATAAATAACATAAGCTTCTGACTCCTCCCCCCATCATTCCTCCTTCTACTCGCCTCATCTACTGTAGAAGCTGGCGCCGGTACAGGATGAACCGTGTACCCACCCCTAGCAGGCAACCTGGCCCACGCCGGAGCCTCAGTAGACCTAGCTATCTTCTCGCTTCACCTAGCCGGTGTCTCCTCCATCCTCGGGGCCATTAACTTCATTACCACGGCCATCAACATAAAACCCCCCGCACTCTCACAGTACCAAACCCCACTTTTCGTCTGATCAGTCCTAATTACCGCCATCCTGCTCCTCCTATCACTCCCCGTCCTCGCCGCCGGCATCACGATGCTACTAACCGACCGAAACCTAAACACCACATTCTTTGACCCCGCTGGAGGAGGAGACCCAATCCTGTATCAGCACCTATTTTGATTCTTCGGCCACCCAGAAGTCTACATCTTAATCNTC,http://boldsystems.org/index.php/Public_RecordView?processid=KBNA230-04,
2,Turkey,Meleagris gallopavo,http://tolweb.org/Meleagris/57202,GTGACTTTCATCAACCGATGATTATTTTCAACCAACCATAAAGATATTGGCACTCTTTACCTAATTTTTGGCACATGAGCAGGTATAGTCGGCACAGCACTTAGCCTGCTAATCCGTGCAGAACTGGGACAACCTGGGACACTCCTAGGAGACGACCAAATCTATAACGTAATCGTCACAGCCCATGCCTTCGTTATAATCTTCTTTATAGTTATACCTATCATGATCGGAGGCTTCGGTAACTGACTTGTACCACTTATAATTGGTGCCCCAGACATGGCATTCCCACGTATAAATAATATAAGCTTCTGACTCCTTCCACCTTCCTTTCTTCTTCTGCTAGCCTCTTCTACCGTAGAAGCTGGAGCTGGCACTGGATGAACTGTCTACCCACCTTTAGCTAGCAACCTTGCCCACGCTGGTGCATCAGTAGACCTAACTATTTTTTCCCTCCACCTAGCAGGTGTATCCTCCATCCTAGGAGCAATCAACTTTATTACTACTATTATTAACATAAAACCCCCAGCACTGTCACAATACCAAACACCCCTATTTGTTTGATCCGTTCTCATTACCGCTATCCTCCTATTACTCTCTCTACCAGTCCTTGCCGCCGGAATTACAATACTTCTTACTGACCGCAACCTTAACACTACATTCTTTGACCCCGCAGGAGGAGGAGACCCAATCCTATATCAACACCTATTTTGATTTTTTGGCCACCCCGAAGTTTATATCCTCATTCTTCCAGGTTTCGGAATAATCTCCCACGTGGTAGCATATTATGCAGGAAAGAAAGAGCCCTTCGGATATATAGGAATAGTCTGAGCAATACTATCAATTGGATTCTTAGGCTTCATCGTATGAGCCCACCACATATTCACAGTCGGAATGGATGTGGACACCCGAGCTTACTTCACATCAGCCACCATAATTATTGCTATCCCAACTGGCATTAAAGTCTTCAGCTGATTGGCAACCTTGCACGGAGGAACAATTAAATGAGACCCACCTATGCTATGGGCCTTAGGATTTATCTTCCTATTCACTATTGGAGGTCTTACGGGAATTGTCCTCGCCAATTCATCCCTCGACATTGCCCTCCACGACACCTACTACGTAGTTGCCCACTTCCACTATGTCCTCTCAATAGGAGCAGTTTTCGCCATTTTAGCAGGCTTCACCCACTGATTCCCTCTTTTCACAGGCTTCACCCTCCATCCTTCATGAACTAAAGCCCACTTCGGAGTGATATTTACAGGAGTAAACTTAACCTTCTTCCCACAACACTTCTTAGGTTTAGCTGGTATACCCCGACGATACTCGGACTATCCAGATGCCTATACCCTATGAAATACATTATCCTCAATCGGCTCTTTAATCTCAATAACAGCCGTAATCATACTCATGTTCATCGTCTGAGAAGCCTTCTCAGCAAAACGAAAAGTACTACACCCTGAACTAACCTCTACCAACATTGAATGAATCCACGGATGTCCACCCCCATACCACACTTTCGAAGAACCGGCCTTCGTCCAAGTACAAGAAAGG,http://boldsystems.org/index.php/Public_RecordView?processid=GTENK019-11,
3,Semipalmated Sandpiper,Calidris pusilla,http://tolweb.org/Calidris_pusilla/90811,GTGACTTTTATCAACCGATGACTATTCTCAACCAACCACAAAGATATCGGCACCCTATACCTAATCTTTGGTGCATGAGCCGGTATAGTCGGAACTGCCCTTAGCCTGCTCATTCGTGCAGAACTAGGTCAACCCGGAACCCTTTTAGGAGATGACCAGATCTACAATGTTATTGTCACCGCCCACGCCTTCGTAATAATCTTCTTCATAGTAATGCCAATTATAATTGGCGGCTTCGGAAATTGACTAGTCCCACTTATAATCGGTGCCCCTGACATAGCATTCCCTCGTATAAACAACATAAGCTTCTGACTACTACCCCCATCATTCCTACTACTACTAGCATCATCTACAGTAGAAGCCGGAGCAGGTACAGGATGAACAGTATATCCCCCACTTGCCGGCAACCTAGCTCATGCTGGAGCCTCCGTAGACCTAGCCATCTTCTCTCTCCATCTAGCAGGTGTCTCCTCCATTCTAGGTGCTATCAACTTCATCACAACCGCCATTAACATAAAACCTCCAGCCCTCTCCCAATACCAAACACCTCTATTCGTGTGATCAGTACTTATCACCGCTGTTCTACTTTTACTCTCTCTCCCAGTTCTTGCTGCCGGCATTACCATACTACTAACAGACCGAAACCTAAATACCACATTCTTCGATCCCGCCGGAGGAGGAGACCCAGTCCTATACCAACATCTCTTCTGATTCTTCGGCCACCCAGAAGTTTACATCCTAATCCTACCAGGATTTGGAATCATCTCTCACGTTGTAGCCTATTATGCAGGCAAAAAAGAGCCATTCGGGTATATAGGAATAGTATGAGCCATACTATCCATCGGCTTCCTAGGCTTTATTGTCTGAGCCCACCATATATTCACAGTAGGAATAGACGTA,http://boldsystems.org/index.php/Public_RecordView?processid=BROM345-06,
4,Murre,,,,,not available on TOL
5,Heron,,,,,more than one record on TOL
6,Wood Duck,Aix sponsa,http://tolweb.org/Aix/89196,CTTGTACCTTATCTTCGGGGCATGAGCCGGAATAATTGGCACAGCACTCAGCCTGCTAATCCGCGCTGAACTAGGCCAGCCAGGAACCCTCCTAGGTGATGACCAAATTTATAACGTAATCGTCACCGCCCACGCCTTTGTAATAATCTTCTTCATGGTGATACCCATCATAATTGGAGGATTCGGCAACTGATTAGTCCCCCTAATAATTGGCGCCCCCGACATGGCATTCCCACGAATAAACAACATAAGCTTTTGACTCCTCCCACCCTCATTCCTTCTACTACTCGCCTCATCTACCGTAGAAGCCGGCGCCGGTACAGGCTGAACCGTGTACCCACCCCTAGCGGGCAACCTGGCCCATGCTGGGGCTTCAGTGGACCTAGCCATCTTCTCCCTCCACTTGGCCGGTATTTCCTCCATCCTCGGGGCCATTAATTTCATCACTACGGCCATCAACATAAAACCCCCCGCACTCTCACAATACCAAACCCCGCTTTTCGTCTGATCTGTCCTAATTACCGCTATCCTGCTCCTCCTGTCCCTTCCCGNCCTTGCTGCCGGCATTACAATGCTACTAACCGACCGAAACCTAAACACCACATTTTTCGATCCCGCTGGAGGAGGAGACCCAATCCTGTACCAACACCTATTCTGATTCTTCGGCCACCCAGAAGTCTACATCCTAATCCTC,http://boldsystems.org/index.php/Public_RecordView?processid=TZBNA257-03,
7,Myna,,,,,not available on TOL
8,Ostrich,Struthio camelus,http://tolweb.org/Struthio_camelus/26289,GTGACCTTCATTACTCGATGACTTTTTTCAACAAATCACAAAGACATTGGCACCCTATATCTCATCTTCGGCGCATGAGCGGGTATAGTGGGCACAGCCCTCAGCCTGCTCATTCGTGCAGAATTAGGACAACCAGGGACACTACTTGGAGACGATCAAATCTACAATGTAATCGTTACCGCTCATGCCTTCGTAATAATTTTCTTCATAGTTATACCAGTAATAATTGGTGGCTTTGGAAACTGACTAGTTCCACTTATAATTGGTGCCCCAGACATAGCCTTCCCCCGAATAAATAATATAAGTTTCTGACTACTTCCACCCTCCTTTCTACTCCTACTGGCATCATCAACCGTCGAAGCCGGAGCAGGAACTGGATGAACTGTTTATCCGCCCCTAGCAGGTAACCTCGCCCACGCTGGAGCCTCTGTTGACCTCGCCATCTTCTCACTACACCTAGCTGGTGTTTCTTCTATCCTAGGTGCAATCAACTTTATTACAACAGCCATTAACATAAAACCCCCAGCCCTTTCACAATACCAAACCCCTCTATTCGTGTGATCAGTCCTAATCACCGCCATCCTACTACTACTATCACTCCCAGTACTCGCTGCAGGTATTACCATGCTCCTCACGGACCGAAATCTCAATACCACATTCTTTGATCCCGCGGGAGGAGGAGACCCCGTCCTATACCAACACCTCTTCTGATTCTTCGGACACCCTGAAGTCTATATCCTAATTCTCCCTGGCTTCGGAATTATCTCTCATGTAGTTACGTACTATGCTGGTAAAAAGGAACCATTCGGATATATAGGAATAGTTTGGGCTATACTATCTATTGGATTCCTGGGCTTTATCGTATGGGCTCACCATATGTTCACAGTAGGCATAGACGTGGATACCCGAGCCTACTTCACATCAGCCACAATAATTATTGCCATTCCGACCGGTATCAAAGTATTTAGCTGATTAGCCACCCTACATGGAGGAACAATTAAATGAGACCCGCCCATCCTATGAGCTCTGGGCTTCATCTTCCTCTTCACTATTGGAGGTCTAACTGGCATCGTACTAGCAAACTCCTCACTAGATATTGCCCTGCACGATACATATTACGTAGTAGCTCACTTCCACTATGTTCTCTCCATAGGAGCAGTATTTGCCATCCTGGCAGGATTTACACACTGATTCCCCCTATTCACGGGCTACACCCTCCACCCGACATGAGCAAAAGCACACTTCGGAGTGATATTCACAGGAGTAAATCTAACCTTCTTCCCTCAACATTTCCTAGGCCTAGCCGGCATGCCACGACGATATTCAGACTACCCAGATGCCTATACACTATGAAACACTATATCATCCATCGGCTCACTAATCTCTATAACAGCCGTAATCATACTAATATTTATCATCTGAGAAGCATTTTCATCAAAACGAAAAGTCCTTCAACCAGAACTAATCGCCACTAATATTGAATGAATCCACGGCTGCCCACCTCCCCACCACACCTTTGAAGAACCAGCCTTCGTTCAAGTCCAAGAA,http://boldsystems.org/index.php/Public_RecordView?processid=GBIR0247-06,
9,Ruddy Turnstone,Arenaria interpres,http://tolweb.org/Arenaria_interpres/90804,GTGACTTTTATCAACCGATGACTATTCTCAACCAACCACAAAGATATCGGTACCCTATACCTAATCTTTGGTGCATGAGCCGGCATAGTCGGAACTGCCCTCAGCCTACTCATTCGCGCAGAACTAGGTCAACCGGGGACCCTCTTAGGAGACGATCAAATTTACAATGTAATCGTTACCGCCCATGCCTTTGTAATAATCTTCTTCATAGTAATGCCAATTATAATTGGTGGCTTCGGAAACTGACTAGTTCCTCTCATAATTGGCGCTCCCGACATAGCATTCCCCCGCATAAACAACATAAGCTTCTGATTACTTCCCCCATCATTCCTTCTACTACTAGCATCATCCACAGTAGAAGCCGGGGCAGGTACAGGATGAACTGTATACCCACCCCTTGCTGGTAACCTAGCCCATGCCGGAGCTTCAGTAGACCTAGCTATTTTCTCCCTTCACTTAGCAGGTGTCTCCTCCATCCTAGGTGCCATCAACTTCATTACAACAGCCATCAACATAAAACCCCCAGCCCTCTCTCAATACCAAACACCCCTATTTGTATGATCAGTACTTATCACCGCTGTCCTACTCCTGCTCTCTCTCCCAGTCCTCGCCGCTGGCATCACTATACTACTAACAGATCGAAACCTAAACACTACATTTTTCGACCCGGCCGGAGGCGGAGACCCAGTCCTATATCAACATCTCTTCTGATTCTTCGGCCACCCCGAAGTCTATATTCTAATCCTACCTGGCTTTGGAATCATCTCACACGTAGTAGCTTATTATGCAGGCAAAAAAGAACCATTCGGATACATAGGAATAGTATGAGCCATACTTTCCATTGGATTCCTAGGCTTCATCGTTTGAGCTCACCACATATTTACAGTAGGAATAGACGTAGATACCCGAGCATACTTTACATCCGCCACTATAATCATCGCCATTCCAACTGGCATTAAAGTATTCAGCTGACTAGCTACCTTGCACGGAGGAACTATTAAATGAGACCCCCCTATATTGTGAGCCCTAGGCTTCATTTTCCTTTTCACCATTGGTGGGCTCACAGGGATCGTACTGGCAAACTCCTCACTAGATATTGCCCTACATGACACATATTATGTAGTCGCCCACTTCCACTATGTCCTCTCAATAGGAGCTGTATTCGCCATCCTAGCGGGATTCACTCACTGATTCCCCCTATTTACAGGATACACGCTGCATACTACATGAACTAAGGCTCACTTCGGAGTCATATTTACTGGTGTTAACCTAACCTTCTTCCCACAACATTTCTTAGGCTTAGCCGGCATGCCACGCCGATACTCCGATTACCCAGACGCATACACCCTATGAAACACCATGTCCTCTATCGGCTCACTAATCTCAATAACTGCCGTAATCATACTAATATTCATCATCTGAGAAGCCTTCACATCAAAACGCAAAGTCCTACAGCCAGAACTAACCACTACTAACATTGAATGAATCCATGGCTGCCCGCCCCCATATCACACCTTCGAGGAACCGGCCTTCGTCCAAGTCCAAGAA,http://boldsystems.org/index.php/Public_RecordView?processid=GBIR0250-06,
10,Sanderling,Calidris alba,http://tolweb.org/Calidris_alba/90810,GTGACTTTTATCAACCGATGACTATTCTCAACCAACCACAAAGATATCGGCACCCTATACCTAATCTTCGGTGCATGAGCTGGTATAGTCGGAACTGCCCTTAGCCTGCTTATTCGAGCAGAACTAGGTCAACCCGGGACCCTCCTAGGAGATGATCAAATCTACAATGTTATTGTCACCGCCCACGCTTTTGTAATAATCTTCTTCATAGTGATGCCAATCATAATTGGTGGCTTCGGAAACTGACTAGTCCCACTTATAATCGGCGCCCCCGACATAGCATTCCCTCGTATAAATAATATAAGCTTCTGACTGCTACCTCCATCATTCCTCCTACTACTGGCATCATCTACAGTAGAAGCCGGAGCAGGCACAGGATGAACAGTATATCCTCCACTTGCTGGTAACCTAGCCCATGCTGGAGCTTCCGTAGACTTAGCTATCTTCTCTCTCCACTTGGCAGGTGTCTCCTCTATTCTAGGTGCTATTAACTTCATCACAACCGCCATTAACATAAAACCTCCAGCCCTCTCCCAATACCAAACACCCCTGTTCGTATGATCAGTACTTATTACCGCCGTCCTACTCTTACTCTCCCTCCCAGTTCTCGCTGCTGGTATTACCATACTACTAACAGACCGAAACCTAAACACTACATTCTTCGATCCTGCCGGAGGAGGAGATCCAGTCCTATACCAACATCTCTTCTGATTCTTCGGCCACCCCGAAGTCTACATCCTAATCTTACCAGGCTTCGGAATCATCTCTCATGTTGTAGCCTACTATGCAGGCAAAAAAGAACCATTCGGATACATAGGAATGGTGTGAGCCATGCTATCTATCGGCTTCCTAGGTTTTATTGTCTGAGCCCATCACATATTCACGGTTGGAATAGACGTA,http://boldsystems.org/index.php/Public_RecordView?processid=BROM284-06,
11,Camel,Camelus dromedarius,http://tolweb.org/Camelus_dromedarius/30349,CTAAGCTTATTAATTCGTGCTGAATTGGGGCAGCCTGGGACATTGCTTGGAGATGACCAAATCTATAATGTAGTTGTAACGGCTCATGCTTTCGTCATGATTTTCTTTATGGTTATGCCAATCATGATTGGGGGCTTCGGGAATTGACTGGTCCCCCTAATAATTGGAGCCCCGGACATGGCGTTCCCCCGCATGAATAATATGAGCTTCTGGTTGCTACCTCCCTCATTCTTGCTACTGCTAGCATCATCTATAGTTGAAGCAGGAGCAGGCACAGGCTGAACCGTTTACCCTCCCCTAGCCGGAAACCTGGCTCATGCAGGCGCTTCCGTCGATTTAACTATTTTCTCTCTGCACTTAGCAGGAGTATCTTCAATTCTAGGGGCTATTAACTTTATCACCACTATTATTAATATAAAACCACCTGCCATATCTCAATACCAGACCCCTTTATTTGTATGATCCGTTCTAATCACCGCCGTTCTCTTACTACTCTCTCTTCCAGTACTGGCTGCCGGAATTACAATACTACTAACAGACCGTAACCTAAATACAACTTTCTTTGATCCTGCGGGAGGAGGAGATCCCATCCTTTATCAACACCTATTTTGATTCTTCGGTCACCCAGAAGTTTATATCCTAATCCTACCTGGCTTTGGAATAATTTCCCACATTGTCACCTACTACTCTGGAAAAAAAGAACCCTTTGGCTATATGGGAATAGTCTGAGCTATAATGTCTATCGGATTCCTAGGCTTCATTGTATGAGCCCACCATATATTTACAGTAGG,http://boldsystems.org/index.php/Public_RecordView?processid=GBMA5255-13,
12,Redhead,Aythya americana,http://tolweb.org/Aythya_americana/89260,ATGGCACACCAAGCACACTCCTACCACATAGTAGACCCAAGCCCCTGACCAATCTTCGGGGCAGCTGCCGCCCTGCTCACAACCTCAGGACTAATCATATGATTCCACTATAACTCATCCGCCCTATTAGCTACCGGCCTCTTGTCCATACTCCTAGTAATGCTCCAATGATGGCGGGATATTGTTCGAGAAAGTACCTTCCAAGGCCACCACACCCCCACAGTGCAAAAAGGCCTACGATACGGCATGATCCTCTTCATCACATCCGAGGCATTCTTCTTCTTAGGATTCTTCTGAGCATTTTTCCACTCAAGCCTAGTACCTACCCCAGAACTAGGCGGCCAATGACCCCCAACAGGCATCAAACCGCTGAACCCTATAGAAGTCCCACTACTAAACACAGCAATCCTCCTAGCCTCCGGCGTAACCGTCACATGAGCCCATCACAGCATCACAGAAGGAAATCGAAAACATGCCATCCACGCCCTAACACTGACAATCCTCCTGGGATTTTACTTCACAGCTTTACAGGCAATAGAATACCACGAAGCCCCATTTTCAATCGCCGACAGCGTCTACGGCTCCACCTTCTTTGTCGCCACCGGATTCCACGGACTCCACGTAATCATTGGATCCACCTTCCTAACCGTCTGCCTCCTCCGACTAATCAAATTCCACTTCACATCGGACCACCATTTTGGATTTGAAGCCGCAGCCTGATACTGACACTTCGTAGACGTCATCTGACTATTCCTCTACATAACCATCTACTGATGAGGAT,http://boldsystems.org/index.php/Public_RecordView?processid=CYTC4103-12,
13,Eagle,,,,,ambiguous term
14,Mallard,Anas platyrhynchos,http://tolweb.org/Anas_platyrhynchos/89217,GGGGCATGAGCCGGAATAATTGGCACAGCACTCAGCCTACTGATCCGGGCAGAACTAGGCCAGCCAGGGACCCTCCTGGGCGACGACCAAATTTATAACGTGATCGTCACCGCTCACGCCTTCGTAATAATCTTCTTCATGGTAATGCCCATCATAATTGGAGGGTTCGGCAACTGATTGGTCCCCCTGATAATCGGTGCCCCCGACATAGCATTCCCACGAATAAACAACATAAGCTTCTGACTCCTCCCACCATCATTCCTCCTTCTACTCGCCTCATCCACTGTAGAAGCTGGCGCTGGTACGGGTTGAACCGTATACCCACCTCTAGCAGGCAACCTAGCCCACGCCGGAGCCTCAGTGGACCTGGCTATCTTCTCACTTCACCTGGCTGGTGTCTCCTCCATCCTCGGAGCCATTAACTTCATTACCACAGCCATCAACATAAAACCCCCCGCACTCTCACAATACCAAACCCCACTTTTCGTCTGATCAGTCCTAATTACCGCCATCCTGCTCCTCCTATCACTCCCCGTCCTCGCCGCCGGCATCACAATGCTACTAACCGACCGAAACCTAAACACCACATTCTTTGATCCTGCCGGAGGGGGAGACCCAATCCTGTACCAACACCTATTT,http://boldsystems.org/index.php/Public_RecordView?processid=ACLB011-06,
15,Swan,,,,,ambiguous term
16,Great Crested Grebe,Podiceps cristatus,http://tolweb.org/Podiceps_cristatus/89462,TCTATACTTAATCTTTGGTGCATGAGCCGGCATAGTCGGCACCGCCCTAAGCTTACTCATCCGCGCAGAACTGGGCCAGCCAGGAACCCTCCTAGGAGACGACCAAATCTACAATGTAATCGTCACCGCCCACGCCTTCGTAATAATCTTCTTCATAGTCATACCAATCATAATTGGAGGATTTGGAAACTGATTAGTCCCCCTAATAATTGGAGCCCCCGACATAGCATTCCCCCGCATAAACAACATAAGCTTCTGACTCCTTCCCCCATCCTTCCTACTCCTCCTAGCCTCATCAACAGTAGAAGCCGGAGCAGGCACAGGATGAACTGTATACCCACCATTAGCCGGTAACCTAGCCCATGCTGGCGCCTCAGTAGACCTAGCCATTTTCTCACTCCATCTAGCAGGTGTATCCTCCATCCTAGGGGCAATTAACTTCATCACAACCGCCATCAACATAAAACCACCAGCTCTTTCACAGTACCAAACCCCCCTATTCGTATGGTCCGTACTTATCACTGCCGTCCTACTATTACTTTCACTTCCAGTCCTTGCCGCCGGCATCACCATGCTATTAACAGACCGAAACCTAAATACCACATTCTTTGACCCCGCTGGAGGCGGAGACCCAGTCCTATATCAACACCTCTTCTGATTCTTTGGCCACCCAGAAGTCTATATCCTAATCCTCCCAGGATTTGGAATT,http://boldsystems.org/index.php/Public_RecordView?processid=BON392-07,
17,Herring Gull,Larus smithsonianus,http://tolweb.org/Larus_smithsonianus/129496,TAGGTACTGCCCTCAGCCTGCTTATCCGTGCAGAACTTGGCCAACCCGGAACCCTCCTAGGAGACGACCAAATCTATAACGTAATTGTCACCGCCCATGCCTTCGTGATAATCTTCTTCATAGTGATACCAATCATGATCGGTGGGTTTGGAAACTGACTAGTCCCACTTATAATCGGTGCCCCTGATATAGCATTTCCACGCATAAACAACATAAGCTTCTGACTATTACCCCCATCATTCCTACTCCTCCTAGCCTCTTCCACAGTAGAAGCTGGAGCCGGCACAGGATGAACAGTATACCCCCCTCTAGCTGGCAATCTAGCTCATGCTGGAGCCTCAGTAGACCTAGCAATCTTCTCTCTTCACTTAGCAGGTGTGTCTTCCATTCTGGGTGCTATCAACTTTATCACTACAGCCATCAACATAAAACCCCCTGCCCTCTCACAATATCAAACCCCACTATTCGTATGATCCGTACTCATCACTGCCGTCCTATTACTACTTTCACTCCCAGTGCTTGCCGCAGGCATTACTATGCTACTTACAGACCGAAACCTAAACACAACATTCTTCGATCCCGCCGGAGGCGGTGACCCTGTACTGTACCAACACCTC,http://boldsystems.org/index.php/Public_RecordView?processid=BOTW032-04,also have european herring gull on TOL
18,Northern Shoveler,Anas clypeata,http://tolweb.org/Anas_clypeata/89233,CAAGACATTGGCACTCTATACCTTATCTTCGGGGCATGAGCCGGAATAATCGGCACAGCACTGAGCCTACTAATCCGCGCAGAACTTGGTCAACCAGGGACTCTCCTGGGCGATGACCAAATTTACAACGTGATCGTCACCGCTCACGCCTTTGTAATAATCTTCTTCATAGTAATACCCATCATAATTGGAGGATTTGGCAACTGATTGGTCCCCCTGATAATCGGTGCCCCAGACATAGCATTCCCACGAATAAATAACATAAGCTTCTGACTCCTTCCACCATCATTCCTTCTGCTACTCGCCTCATCTACCGTAGAAGCTGGCGCTGGTACAGGTTGAACCGTGTACCCACCCCTAGCAGGCAATCTGGCCCACGCTGGGGCCTCAGTAGACCTGGCCATTTTCTCGCTCCACCTAGCCGGTGTTTCCTCCATCCTCGGGGCTATTAACTTCATTACCACAGCCATCAACATAAAACCCCCTGCACTCTCACAGTACCAAACCCCACTTTTCGTCTGATCGGTCCTAATTACCGCCATCCTGCTCCTCCTGTCACTTCCTGTCCTTGCCGCCGGCATCACAATGCTACTAACCGACCGAAACCTAAACACCACATTCTTCGACCCTGCTGGAGGGGGAGACCCGATCCTGTACCAACACCTATTTTGATTCTTCGGCCACCCAGAAGTCTACATCTTAATTCTTCCAGGATTTGGAATTT,http://boldsystems.org/index.php/Public_RecordView?processid=BON465-07,
19,Blue-Winged Teal,Anas discors,http://tolweb.org/Anas_discors/89228,TCTATACCTTATCTTCGGGGCATGAGCCGGAATAATTGGCACAGCACTGAGCCTACTAATCCGCGCAGAGCTTGGTCAACCCGGGACTCTCCTGGGCGATGACCAAATTTACAACGTGATCGTCACCGCTCACGCCTTTGTAATAATCTTCTTCATAGTAATACCCATCATAATTGGAGGATTTGGCAACTGATTAGTCCCCCTGATAATCGGTGCCCCAGACATAGCATTCCCACGAATAAATAACATAAGCTTCTGACTCCTTCCACCATCATTCCTTCTGCTACTCGCCTCATCCACCGTAGAAGCTGGCGCTGGTACAGGTTGGACCGTGTACCCACCCCTAGCAGGCAACCTGGCCCACGCCGGAGCCTCAGTAGACCTGGCCATTTTCTCGCTCCACCTAGCCGGTGTTTCCTCCATCCTCGGAGCCATTAACTTCATTACCACAGCCATCAACATAAAACCCCCTGCACTCTCACAGTACCAAACCCCACTTTTCGTCTGATCAGTCCTAATTACCGCCATCCTGCTTCTCCTGTCACTTCCTGTCCTTGCCGCCGGCATCACAATGCTGCTAACCGACCGAAACCTAAACACCACATTCTTCGACCCTGCTGGAGGGGGAGACCCGATCCTGTATCAACACCTA,http://boldsystems.org/index.php/Public_RecordView?processid=BOTW063-04,
20,Greater White-Fronted Goose,Anser albifrons,http://tolweb.org/Anser_albifrons/89141,GTGACCTTCATCAACCGATGACTATTTTCCACTAACCATAAGGATATTGGCACCCTATACCTCATCTTCGGGGCATGAGCAGGAATAGTCGGCACCGCACTCAGCCTATTAATCCGCGCAGAACTAGGACAGCCAGGAACTCTCCTAGGCGACGACCAAATTTACAACGTAATCGTTACCGCTCACGCCTTTGTAATAATCTTCTTTATAGTCATACCCATCATGATCGGAGGATTCGGCAACTGATTAGTCCCCCTCATAATCGGTGCCCCCGACATAGCATTCCCACGAATAAACAACATAAGCTTTTGACTCCTCCCCCCATCATTCCTCCTTCTACTAGCCTCATCCACTGTAGAAGCTGGCGCCGGCACAGGCTGAACTGTCTACCCTCCCCTAGCAGGTAACCTCGCCCACGCCGGAGCTTCAGTAGACCTGGCTATCTTCTCACTCCACTTAGCCGGTATCTCCTCCATTCTTGGGGCCATCAACTTTATTACCACAGCTATCAACATAAAACCCCCCGCACTCTCACAATACCAAACCCCACTATTTGTCTGATCCGTACTAATTACCGCCATCCTACTCCTTCTATCACTCCCCGTACTCGCCGCCGGTATTACAATACTACTAACTGATCGAAACCTAAACACCACATTCTTCGATCCCGCTGGAGGGGGAGACCCAATCCTGTACCAGCACCTATTCTGATTCTTCGGACACCCAGAAGTCTATATTCTGATCCTACCGGGGTTCGGAATCATCTCACACGTAGTCACGTACTACTCAGGCAAAAAAGAACCCTTCGGCTACATGGGAATAGTCTGAGCCATACTATCCATCGGCTTCCTAGGATTCATCGTCTGAGCTCACCACATGTTTACAGTGGGAATAGACGTTGACACCCGAGCCTACTTTACATCAGCCACCATAATCATTGCCATCCCTACCGGAATCAAAGTATTTAGCTGACTAGCCACCCTGCACGGAGGAACAATCAAATGAGACCCCCCAATACTATGAGCTCTAGGATTTATCTTCCTATTTACCATCGGAGGGTTAACAGGAATCGTTCTTGCAAACTCTTCCCTAGACATCGCCCTGCACGACACGTACTACGTAGTTGCCCACTTCCACTACGTCCTATCCATAGGCGCCGTCTTTGCCATTCTAGCAGGATTTACTCACTGATTCCCACTACTCACTGGGTTTACCCTACACCAAACATGAGCAAAAGCCCACTTCGGAGTAATATTTACAGGGGTAAACCTAACATTCTTCCCCCAGCACTTCCTAGGCCTAGCGGGAATACCCCGACGATACTCGGACTATCCCGACGCCTACACACTATGAAACACCATTTCCTCCATCGGCTCCCTAATCTCAATAGTAGCCGTAATCATACTAATATTCATCATCTGAGAAGCCTTTTCGGCCAAACGAAAAGTCCTACAACCAGAACTGACTACCACAAACGTTGAATGAATCCACGGCTGCCCTCCCCCATACCATACTTTCGAGGAACCGGCCTTCGTCCAAGTACAAGAA,http://boldsystems.org/index.php/Public_RecordView?processid=GBIR0253-06,
21,White-Rumped Sandpiper,Calidris fuscicollis,http://tolweb.org/Calidris_fuscicollis/90818,GTGACTTTTATTAATCGATGACTATTCTCAACCAACCACAAAGATATCGGCACCCTATACCTAATCTTCGGCGCATGAGCCGGTATAGTCGGAACTGCCCTTAGCCTACTCATTCGTGCAGAACTAGGTCAACCTGGAACTCTTTTAGGAGACGACCAAATCTACAATGTTATCGTCACTGCCCACGCCTTTGTAATAATCTTCTTCATAGTGATGCCAATCATAATTGGTGGCTTTGGAAACTGACTAGTCCCACTTATAATCGGCGCCCCCGACATAGCATTCCCTCGCATAAACAACATAAGCTTCTGACTGCTACCTCCATCCTTCCTGTTGCTACTGGCATCATCTACAGTAGAAGCTGGAGCAGGTACAGGATGAACAGTGTATCCCCCACTTGCCGGTAATCTAGCCCATGCTGGAGCCTCCGTAGACTTAGCTATCTTCTCCCTCCACCTGGCAGGTGTCTCCTCTATCCTAGGTGCTATTAACTTCATCACAACCGCTATCAACATAAAACCCCCAGCTCTCTCTCAATACCAAACACCCCTATTCGTATGATCGGTACTCATCACCGCCGTCCTACTCTTACTCTCTCTTCCAGTTCTCGCTGCCGGCATTACCATACTACTAACAGACCGAAACCTAAACACTACATTCTTCGACCCCGCCGGAGGAGGAGATCCAGTCTTATACCAACATCTCTTCTGATTCTTCGGCCACCCAGAAGTCTATATCCTAATCCTACCGGGCTTCGGAATCATCTCTCACGTCGTAGCCTACTATGCAGGCAAAAAAGAACCATTCGGATACATAGGGATAGTGTGAGCTATATTATCCATCGGCTTCCTGGGCTTTATTGTCTGAGCCCACCACATATTTACGGTAGGAATAGACGTA,http://boldsystems.org/index.php/Public_RecordView?processid=BROM325-06,
22,Ring-Billed Gull,Larus delawarensis,http://tolweb.org/Larus_delawarensis/90604,GTGACCTTTATCAATCGATGATTATTTTCAACAAACCACAAAGATATCGGCACCCTATACTTAATCTTCGGCGCATGAGCTGGCATAGTAGGTACTGCCCTCAGCCTGCTTATCCGTGCAGAACTTGGCCAACCCGGGACCCTCCTAGGAGACGACCAAATCTATAACGTAATTGTCACCGCCCATGCTTTCGTGATAATCTTCTTCATAGTGATACCAATCATGATCGGTGGGTTTGGAAACTGACTAGTCCCACTTATAATCGGTGCCCCTGATATAGCATTTCCACGCATAAACAACATAAGCTTCTGACTATTACCCCCATCATTCCTACTCCTCCTAGCCTCTTCCACAGTAGAAGCTGGAGCCGGCACAGGATGAACAGTATACCCCCCTCTAGCTGGCAATCTAGCCCACGCTGGAGCCTCAGTAGACTTAGCAATCTTCTCTCTTCACTTAGCAGGTGTGTCTTCCATTCTGGGTGCTATCAACTTTATCACTACAGCCATCAACATAAAACCCCCTGCCCTCTCACAATATCAAACCCCACTATTCGTATGATCCGTACTCATCACTGCCGTCCTATTACTACTTTCACTCCCAGTGCTTGCCGCAGGCATTACTATGCTACTTACAGACCGAAACCTAAACACAACATTCTTCGATCCCGCCGGAGGCGGTGACCCTGTACTGTACCAACACCTCTTCTGATTCTTCGGCCACCCAGAAGTATACATCCTAATCTTACCAGGCTTCGGAATCATCTCTCATGTTGTAACATACTACGCAGGTAAAAAAGAACCATTTGGCTACATAGGAATAGTCTGAGCCATACTATCCATCGGATTCCTAGGTTTCATTGTCTGAGCTCACCACATGTTTAC,http://boldsystems.org/index.php/Public_RecordView?processid=BROM028-06,
23,Parrot,,,,,ambiguous term
24,Tundra Swan,Cygnus columbianus,http://tolweb.org/Cygnus_columbianus/89161,GTGACCTTCATCAACCGATGACTATTTTCCACTAACCATAAAGATATCGGCACCCTATACCTTATCTTCGGGGCATGAGCAGGAATAGTTGGCACCGCACTCAGCCTGTTAATCCGCGCAGAACTGGGACAACCGGGAACTCTCCTTGGTGACGACCAGATCTATAATGTAGTCGTCACCGCTCACGCCTTCGTAATAATCTTCTTCATAGTCATGCCCATTATGATCGGGGGATTTGGTAACTGACTGGTCCCCCTTATAATCGGCGCCCCCGACATAGCATTCCCACGAATGAATAACATAAGCTTTTGACTCCTCCCACCATCATTTCTCCTGCTACTAGCCTCATCCACCGTAGAAGCTGGCGCCGGTACAGGCTGAACCGTCTACCCACCCCTAGCAGGCAACCTAGCCCACGCTGGAGCTTCAGTAGACCTGGCCATTTTCTCACTTCACTTAGCTGGCATCTCCTCCATCCTTGGAGCCATCAACTTCATTACCACAGCCATCAACATAAAACCCCCCGCACTCTCACAATACCAAACTCCACTATTCGTCTGATCCGTCCTAATTACCGCCATCCTACTACTTCTATCACTCCCTGTGCTTGCCGCAGGTATCACAATGCTATTAACCGACCGAAACCTAAACACCACATTCTTCGACCCCGCCGGAGGAGGAGACCCAATCCTGTATCAACACTTGTTCTGATTTTTCGGACACCCAGAAGTCTACATCCTAATCCTACCCGGATTCGGAATCATTTCACATGTAGTCACATACTACTCAGGCAAAAAAGAACCCTTCGGCTACATAGGAATAGTCTGAGCCATACTATCCATCGGCTTCCTAGGGTTTATCGTCTGAGCCCACCACATATTCACAGTAGGAATGGACGTTGATACTCGAGCCTACTTTACATCAGCTACTATAATCATTGCCATTCCCACTGGAATCAAAGTATTTAGCTGACTAGCCACCCTACACGGAGGAACGATCAAGTGAGACCCCCCAATGCTATGAGCCCTAGGGTTCATCTTCCTGTTTACCATTGGAGGATTAACAGGAATCGTCCTTGCAAACTCATCTCTAGACATCGCCCTGCACGACACATACTACGTAGTTGCTCACTTCCATTACGTTCTATCTATAGGCGCCGTCTTCGCCATTCTAGCAGGATTTACCCACTGATTCCCACTCCTAACCGGATTTACCCTACACCAAACATGAGCAAAAGCCCACTTCGGAGTTATGTTCACAGGAGTAAACCTCACATTCTTCCCCCAACACTTCCTAGGCCTAGCAGGAATGCCCCGACGATACTCGGACTACCCCGACGCCTACACACTATGAAACACCGTATCCTCCATTGGCTCCTTAATCTCAATGGTAGCTGTAATCATACTAATATTCATCATTTGAGAAGCCTTCTCAGCTAAACGAAAAGTCCTACAACCAGAACTAACCGCCACAAACATTGAATGAATCCACGGCTGCCCTCCCCCATATCACACTTTCGAGGAACCGGCTTTCGTCCAAGTACAAGAA,http://boldsystems.org/index.php/Public_RecordView?processid=GBIR0274-06,
25,Ring-Necked Duck,Aythya collaris,http://tolweb.org/Aythya_collaris/89267,CCTATATCTTATCTTTGGGGCATGAGCCGGAATAATCGGCACAGCACTCAGCCTGCTAATCCGCGCAGAACTAGGCCAACCAGGAACCCTCCTAGGTGATGACCAGATTTACAACGTAATCGTCACCGCCCACGCCTTTGTAATAATCTTCTTCATAGTGATGCCCATCATAATCGGAGGGTTTGGCAACTGATTAGTCCCCCTAATAATCGGCGCCCCCGACATAGCATTCCCACGAATAAACAACATAAGCTTCTGGCTCCTCCCACCTTCATTCCTCCTCCTACTCGCCTCATCCACCGTGGAAGCTGGCGCCGGCACAGGCTGAACCGTATACCCCCCTCTAGCAGGCAACCTAGCTCACGCTGGAGCCTCAGTAGACCTGGCCATTTTCTCGCTCCACTTAGCCGGTGTTTCCTCCATTCTCGGAGCCATTAACTTCATCACCACAGCCATCAACATAAAACCCCCTGCACTCTCACAGTACCAGACCCCGCTCTTCGTCTGATCCGTCCTAATCACCGCTATTCTGCTCCTCCTATCGCTACCCGTCCTCGCCGCTGGCATCACAATACTACTAACCGACCGAAACCTAAACACCACATTCTTTGACCCCGCCGGAGGAGGCGACCCAATCCTGTACCAACACCTATTCTGATTCTTCGGCCATCCAGAAGTCTACATCTTAATCCTC,http://boldsystems.org/index.php/Public_RecordView?processid=BRDC160-05,
26,Chicken,Gallus gallus,http://tolweb.org/Gallus/57162,ATCGTCACAGCCCATGCTTTCGTCATAATCTTCTTTATAGTTATACCCATCATGATCGGTGGCTTCGGAAACTGACTAGTCCCGCTTATAATCGGTGCCCCAGACATAGCATTCCCCCGCATAAATAACATAAGCTTCTGACTCCTCCCTCCCTCCTTCCTTCTCCTACTAGCCTCATCTACCGTAGAAGCTGGGGCCGGCACAGGATGGACAGTTTACCCCCCTTTAGCCGGCAACCTAGCCCACGCTGGCGCATCAGTAGACCTAGCCATCTTTTCATTACACTTAGCAGGTGTTTCCTCCATTCTAGGAGCCATCAACTTTATCACTACCATCATCAACATAAAACCCCCCGCACTGTCACAATACCAAACACCCCTATTCGTATGATCCGTCCTCATTACTGCCATCCTACTACTCCTCTCCTTACCCGTCCTAGCAGCTGGGATTACCATACTACTTACCGACCGCAACCTTAACACCACATTCTTCGACCCAGCTGGAGGAGGAGACCCAATCCTATACCAACACCTATTC,http://boldsystems.org/index.php/Public_RecordView?processid=ACLB009-06,"other terms found, but gallus gallus is the known one"
27,American Black Duck,Anas rubripes,http://tolweb.org/Anas_rubripes/89216,TATACCTTATCTTCGGGACATGAGCCGGAATAATTGGCACAGCACTCAGCCTACTGATCCGGGCAGAGCTAGGCCAGCCAGGGACCCTCCTGGGCGACGACCAAATTTATAACGTGATCGTCACCGCTCACGCCTTCGTAATAATCTTCTTCATGGTAATGCCCATCATAATTGGAGGGTTCGGCAACTGATTGATCCCCCTGATAATCGGTGCCCCCGACATAGCATTCCCACGAATAAACAACATAAGCTTCTGACTCCTCCCACCATCATTCCTCCTTCTACTCGCCTCATCCACTGTAGAAGCTGGCGCTGGTACAGGTTGAACCGTATACCCACCTCTAGCAGGCAACCTAGCCCACGCCGGAGCCTCAGTGGACCTGGCTATCTTCTCACTTCACCTGGCCGGTGTCTCCTCCATCCTCGGAGCCATTAACTTCATTACCACAGCCATCAACATAAAACCCCCCGCACTCTCACAATACCAAACCCCACTTTTCGTCTGATCAGTCCTAATTACCGCCATCCTGCTCCTCCTATCACTCCCCGTCCTCGCCGCCGGCATCACAATGCTACTAACCGACCGAAACCTAAACACTACATTCTTTGATCCTGCCGGAGGGGGAGACCCAATCCTGTACCAGCACCTATTTTGATTCTTCGGCCACCCAGAAGTCTATATCTTAATCCTC,http://boldsystems.org/index.php/Public_RecordView?processid=TZBNA202-03,
28,Whiskered Tern,Chlidonias hybrida,http://tolweb.org/Chlidonias_hybrida/90682,GTGACCTTCATCAACCGATGATTATTTTCAACAAACCACAAAGATATCGGCACCCTATACTTAATTTTCGGCGCATGAGCCGGCATAGTAGGTACTGCCCTTAGCCTACTCATTCGTGCAGAACTAGGCCAACCAGGAACCCTCCTAGGAGATGATCAAATCTACAACGTAATTGTCACTGCCCACGCTTTCGTAATAATTTTCTTCATAGTAATACCCATCATAATCGGGGGCTTCGGAAACTGGTTAGTCCCACTTATAATTGGCGCCCCCGACATAGCATTCCCACGCATAAACAATATAAGCTTCTGACTACTCCCCCCATCATTCCTACTCCTCCTAGCCTCCTCCACAGTAGAGGCTGGAGTAGGCACAGGATGAACCGTATACCCTCCCCTAGCCGGTAATCTAGCTCATGCTGGAGCTTCAGTAGATTTAGCAATCTTCTCCCTCCATCTGGCAGGTGTCTCCTCTATCCTGGGTGCTATCAACTTTATCACTACAGCTATCAACATAAAACCCCCTGCCCTTTCACAATACCAAACCCCTCTATTTGTATGATCCGTACTTATCACTGCCGTCCTTCTATTACTCTCACTCCCAGTACTCGCCGCCGGCATCACAATGCTGCTAACAGACCGAAATCTAAACACAACATTCTTTGACCCTGCCGGAGGTGGTGATCCCGTACTATATCAACATCTATTCTGATTTTTTGGTCACCCAGAAGTGTACATTTTAATCTTACCAGGCTTCGGAATTATTTCCCATGTCGTAACATACTATGCAGGTAAAAAGGAGCCATTCGGCTACATAGGAATAGTATGAGCCATGTTGTCTATTGGATTCCTAGGCTTCATTGTATGAGCCCATCATATATTCACAGT,http://boldsystems.org/index.php/Public_RecordView?processid=BROM001-06,
29,Mink,,,,,not available on TOL
30,Pelican,,,,,ambiguous term
31,Finch,,,,,ambiguous term
32,Redhead Duck,,,,,not available on TOL
33,Rosy-Billed Pochard,Netta peposaca,http://tolweb.org/Netta_peposaca/89256,GTGACCTTCATCAATCGATGATTATTCTCTACCAATCACAAAGACATCGGTACCTTATATCTTATCTTCGGGGCATGAGCCGGAATAATCGGCACAGCACTCAGCCTGCTAATCCGCGCAGAACTAGGCCAACCGGGAACCCTCCTGGGTGATGACCAGATTTACAACGTAATCGTCACCGCCCATGCCTTTGTAATAATCTTCTTCATAGTGATGCCCATCATAATCGGAGGGTTTGGCAACTGATTGGTCCCCCTAATAATCGGCGCCCCCGACATAGCATTCCCACGAATAAACAACATAAGCTTCTGACTCCTCCCGCCTTCATTCCTCCTACTACTCGCCTCATCCACCGTAGAAGCTGGCGCCGGCACAGGCTGAACCGTGTATCCACCCCTAGCAGGCAACCTAGCTCACGCTGGAGCCTCGGTAGACCTGGCCATCTTCTCGCTCCACTTAGCCGGTGTCTCCTCCATCCTCGGAGCCATTAACTTTATCACCACAGCCATCAACATAAAACCTCCCGCACTCTCACAATACCAAACCCCACTCTTCGTCTGATCCGTCCTAATCACCGCTATTCTGCTCCTCCTATCGTTACCCGTTCTCGCCGCTGGCATTACAATACTATTAACCGACCGAAACCTAAACACCACATTCTTTGACCCCGCCGGAGGAGGTGACCCAATCCTATACCAACACCTATTCTGATTCTTCGGCCACCCAGAAGTCTACATCTTAATCCTCCC,http://boldsystems.org/index.php/Public_RecordView?processid=BROMB685-07,
34,Wild Duck,,,,,ambiguous term
35,Knot,,,,,ambiguous term
36,American Wigeon,Anas americana,http://tolweb.org/Anas_americana/89214,TCTATACCTTATCTTCGGGGCATGAGCTGGAATAATTGGCACAGCACTCAGCCTGCTAATCCGCGCAGAACTAGGCCAACCAGGGACCCTCCTGGGCGACGACCAAATTTACAACGTGATCGTCACCGCTCACGCCTTTGTAATAATCTTCTTCATAGTAATGCCCATCATAATTGGGGGATTTGGCAACTGACTGGTCCCCCTAATAATCGGTGCCCCCGACATAGCATTCCCACGAATAAACAACATAAGCTTCTGACTCCTCCCGCCGTCATTCCTCCTACTACTCGCCTCATCCACCGTAGAAGCTGGCGCTGGCACAGGTTGAACCGTGTACCCACCCCTAGCAGGCAACCTGGCCCACGCCGGAGCCTCGGTAGACCTGGCTATCTTCTCACTTCACCTAGCCGGTGTCTCCTCCATCCTCGGAGCCATTAACTTCATTACCACAGCCATCAACATAAAACCCCCCGCACTCTCACAATACCAAACCCCACTTTTCGTTTGATCGGTCCTAATTACCGCCATCCTACTCCTCCTATCACTCCCCGTCCTCGCCGCCGGCATCACAATACTATTAACCGACCGAAACCTAAACACCACATTCTTTGACCCCGCCGGAGGAGGAGACCCAATCCTGTACCAACACCTATTTTGATTCTTTGGCCACCCAGAAGTCTATATTTTAATTCTC,http://boldsystems.org/index.php/Public_RecordView?processid=BOTW007-04,
37,Whooper Swan,Cygnus cygnus,http://tolweb.org/Cygnus_cygnus/89162,TTTTTCTCCAACCCACAAAGACATGGGCACCCTATACCTTATCTTCGGGGCATGAGCAGGAATAGTTGGCACCGCACTCAGCCTGTTAATCCGCGCAGAACTGGGACAACCAGGAACCCTCCTTGGTGACGACCAGATCTACAATGTAGTCGTCACCGCTCACGCCTTCGTAATAATCTTCTTCATAGTCATGCCCATTATGATCGGGGGATTTGGTAACTGACTGGTCCCCCTTATAATCGGCGCTCCCGACATAGCATTCCCACGAATGAATAACATAAGCTTTTGACTCCTCCCACCATCATTTCTCCTGCTACTAGCCTCAGCCACCGTAGAAGCTGGCGCCGGTACAGGTTGAACCGTCTACCCACCCCTAGCAGGCAACCTAGCCCACGCTGGAGCTTCAGTAGACCTGGCCATTTTCTCACTTCACTTAGCTGGCATCTCCTCCATCCTTGGAGCCATCAACTTCATTACCACAGCCATCAACATAAAACCCCCCGCACTCTCACAATACCAAACTCCACTATTCGTCTGATCCGTCCTAATTACCGCCATCCTACTCCTCCTATCACTCCCTGTGCTCGCCGCAGGTATCACAATGCTATTAACCGACCGAAACCTAAACACCACATTCTTCGACCCCGCCGGAGGAGGAGACCCAATCCTGTATCAACACTTGTTCTGATTTTTCGGACACCCAGAAGTCTACATCCTAATCCTGCCTGGATTCGGAATCATCTCACATGTAGTA,http://boldsystems.org/index.php/Public_RecordView?processid=BON173-07,
38,Horse,Equus ferus caballus,http://tolweb.org/Perissodactyla/15980,AACTGCCCTAAGCCTCCTAATCCGTGCTGAATTAGGCCAACCTGGGACCCTACTAGGAGATGATCAGATCTACAATGTTATTGTAACCGCCCATGCATTCGTAATAATTTTCTTTATGGTCATACCCATTATAATCGGAGGATTCGGAAACTGATTAGTCCCCCTGATAATTGGAGCACCTGATATAGCTTTCCCCCGAATAAACAACATAAGCTTCTGATTACTTCCCCCATCATTCCTACTTCTTCTCGCTTCCTCAATAATTGAAGCAGGTGCCGGAACAGGCTGAACCGTATATCCTCCTCTAGCTGGAAATCTGGCGCATGCAGGAGCCTCTGTTGACTTAACCATTTTCTCTCTCCACCTGGCTGGGGTGTCCTCGATTTTAGGTGCCATCAACTTTATTACCACAATCATTAACATAAAACCACCAGCTCTATCCCAATATCAAACCCCCCTATTCGTTTGATCTGTCCTTATTACGGCAGTACTCCTTCTCCTAGCCCTCCCGGTCCTAGCAGCAGGCATTACCATGCTTCTCACAGACCGTAACCTAAACACTACTTTCTTCGACCCCGCAGGAGGAGGGGATCCAATCCTTTATCAACACCTATTC,http://boldsystems.org/index.php/Public_RecordView?processid=ACLB041-06,species came from BOLD
39,Lesser Scaup,Aythya affinis,http://tolweb.org/Aythya_affinis/89270,ATCCGCGCAGAACTAGGCCAACCAGGAACCCTCCTAGGTGATGACCAGATTTACAACGTAATCGTCACCGCCCACGCCTTTGTAATAATCTTCTTCATAGTGATGCCCATCATAATCGGAGGGTTTGGCAACTGATTAGTCCCCCTAATAATCGGCGCCCCCGACATAGCATTCCCACGAATAAACAACATAAGCTTCTGGCTCCTCCCACCCTCATTCCTCCTCCTACTCGCCTCATCCACCGTAGAAGCTGGCGCCGGCACAGGCTGAACCGTGTACCCACCTCTAGCAGGCAACCTAGCTCACGCTGGGGCCTCAGTAGACCTGGCCATTTTCTCGCTCCACTTAGCCGGTGTTTCCTCTATTCTCGGAGCCATTAACTTCATCACCACAGCCATCAACATAAAACCCCCCGCACTCTCACAATACCAGACCCCACTCTTTGTCTGATCCGTCCTAATCACCGCTATTCTGCTCCTCCTATCACTACCCGTCCTCGCCGCTGGCATCACAATACTACTAACCGACCGAAACCTAAACACCACATTCTTTGACCCCGCCGGAGGAGGCGATCCAATCCTGTACCAACACCTATTCTGATTCTTCGGCCATCCGGAAGTCTACATCTTAATCCTC,http://boldsystems.org/index.php/Public_RecordView?processid=BOTW008-04,
40,Egret,,,,,ambiguous term
41,Falcon,,,,,ambiguous term
42,Little Egret,Egretta garzetta,http://tolweb.org/Egretta_garzetta/89660,GTGACCTTCATTACTCGATGATTATTCTCAACCAACCACAAGGACATCGGTACTCTATACCTAATCTTCGGAGCATGGGCCGGTATAATTGGAACCGCCCTCAGTCTCCTTATCCGAGCTGAACTTGGCCAGCCAGGAACGCTCCTAGGAGACGACCAGATCTATAATGTGATCGTCACCGCTCATGCCTTCGTAATAATCTTCTTCATAGTTATACCAATCATAATTGGGGGATTCGGAAACTGACTAGTACCACTCATAATTGGTGCCCCCGACATAGCATTCCCACGCATAAACAACATAAGTTTCTGACTCCTTCCACCATCATTTATACTCCTACTAACCTCATCCACAGTCGAAGCAGGAGCAGGTACGGGCTGAACAGTCTACCCACCCTTAGCTGGCAACCTAGCCCATGCCGGAGCCTCAGTTGACCTAGCCATCTTCTCCCTCCACTTAGCAGGGGTGTCTTCCATCCTAGGAGCAATCAACTTCATTACAACCGCCATCAACATAAAACCCCCAACCCTATCACAATACCAAACTCCCCTATTTGTATGATCCGTCCTAATTACCGCCGTCCTACTTCTACTTTCACTCCCAGTTCTCGCTGCAGGTATTACAATACTACTAACTGATCGAAACCTAAACACCACATTCTTTGACCCCGCTGGAGGTGGCGACCCAGTCCTCTATCAACACCTATTCTGATTCTTCGGCCACCCAGAAGTCTATATTCTAATCCTACCAGGATTCGGAATCATCTCCCACGTAGTAGCCTACTACGCGGGTAAAAAAGAACCATTTGGCTATATAGGCATAGTATGAGCCATACTATCAATTGGATTCTTAGGCTTCATCGTATGAGCTCACCATATATTTACAGTAGGAATGGACGTAGACACCCGAGCATACTTCACATCTGCTACTATAATCATTGCAATTCCAACTGGCATCAAAGTCTTCAGCTGACTGGCCACACTACACGGAGGAACTATCAAATGAGACCCTCCAATACTATGAGCCCTAGGCTTCATCTTCCTGTTCACCATCGGAGGGCTAACAGGAATCGTATTAGCAAACTCCTCACTAGACATCGCCCTACACGACACCTACTACGTAGTCGCCCACTTCCACTACGTCTTATCCATAGGGGCAGTTTTTGCAATCCTGGCGGGCTTCACCCACTGATTCCCACTATTCACAGGATATACACTGCACCCTACATGAGCCAAGGCCCATTTCGGAGTAATGTTTTCAGGCGTAAATCTAACCTTCTTCCCACAACACTTCCTAGGACTAGCCGGCATACCACGACGATATTCCGACTACCCAGACGCTTACACTCTATGAAATACCATATCTTCCATCGGCTCACTCATCTCAATAACAGCAGTAATCATACTAATATTCATAATTTGAGAAGCCTTCGCAGCAAAACGAAAAGTCCTACAACCTGAACTAACAGCCACTAACGTTGAATGAATTCACGGCTGCCCTCCTCCATATCACACCTTTGAAGAACCAGCCTTTGTCCAAGTACAAGAA,http://boldsystems.org/index.php/Public_RecordView?processid=CYTC8179-15,
43,Pink-Footed Goose,Anser brachyrhynchus,http://tolweb.org/Anser_brachyrhynchus/89139,TCCACTAACCATAAGGATATTGGCACCCTGTACCTCATCTTCGGGGCATGAGCAGGAATAGTCGGCACCGCACTCAGCCTATTAATCCGCGCAGAACTAGGACAACCAGGAACTCTCCTAGGCGACGACCAAATTTACAATGTAATCGTTACCGCTCACGCCTTTGTAATAATCTTCTTTATAGTCATACCCATCATGATCGGAGGATTCGGCAACTGATTAGTCCCCCTCATAATCGGTGCCCCCGACATAGCATTCCCGCGAATAAACAACATAAGCTTTTGACTCCTCCCCCCATCATTCCTCCTCCTACTAGCCTCATCCACTGTAGAAGCTGGCGCCGGCACAGGCTGAACTGTCTACCCTCCCCTAGCAGGTGACCTTGCCCACGCCGGAGCTTCAGTAGACCTGGCTATCTTCTCACTCCACTTAGCCGGTATCTCCTCCATCCTTGGGGCCATCAACTTTATCACCACAGCCATCAACATAAAACCCCCCGCACTCTCACAATACCAAACCCCACTATTTGTCTGATCCGTACTAATTACCGCCATCCTACTCCTTCTATCACTCCCCGTACTCGCCGCCGGTATTACAATATTACTAACTGATCGAAACCTAAACACCACATTCTTCGACCCCGCTGGAGGAGGAGACCCAATCCTGTACCAACACCTATTCTGATTCTTCGGACACCCAGAAGTCT,http://boldsystems.org/index.php/Public_RecordView?processid=BON443-07,
44,Chinese Francolin,Francolinus pintadeanus,http://tolweb.org/Francolinus/57164,AACCGATGACTATTCTCAACTAACCACAAAGATATTGGCACTCTTTACTTAATTTTCGGCACATGAGCAGGCATAGCTGGCACAGCACTTAGCTTATTAATCCGCGCAGAACTAGGGCAACCCGGAACCCTCTTAGGAGACGACCAAATCTACAATGTAATCGTCACAGCCCATGCCTTCGTCATAATCTTCTTCATAGTTATACCCATCATAATCGGCGGCTTTGGAAACTGACTAGTCCCACTTATAATCGGTGCCCCAGACATAGCATTTCCACGCATGAACAACATAAGCTTCTGACTCCTACCCCCCTCCTTTCTTCTCCTACTAGCCTCCTCCACTGTCGAAGCTGGAGCTGGAACAGGATGAACTGTCTACCCCCCTCTAGCCGGCAACCTCGCCCACGCCGGAGCATCAGTGGACTTAGCCATCTTTTCCCTTCACTTAGCAGGCGTATCCTCTATTCTAGGAGCCATCAATTTCATCACTACTATCATCAACATAAAACCCCCCGCACTATCACAATATCAAACACCCCTATTCGTATGATCTGTCCTCATTACTGCCATCCTACTACTCCTTTCCCTACCAGTCCTAGCAGCCGGCATCACAATACTCCTCACCGACCGAAATCTCAACACTACATTCTTCGACCCAGCAGGGGGAGGAGACCCAGTCTTATACCAACACCTATTCTGATTCTTTGGGCACCCCGAAGTTTACATCCTCATTCTCCCAGGTTTCGGGATTATCTCCCACGTAGTAGCATATTATGCGGGTAAAAAAGAACCATTCGGATACATAGGAATAGTATGAGCCATACTATCTATTGGATTCCTTGGATTTATCGTCTGAGCCCACCACATATTTACAGTCGGAATAGACGTAGACACCCGAGCCTACTTCACATCAGCCACCATAATCATCGCCATCCCAACTGGTATTAAAGTCTTCAGCTGACTAGCAACCCTGCACGGAGGAACAATCAAATGAGATCCACCCATGCTATGAGCCCTAGGATTTATCTTCCTATTCACTATTGGGGGCTTAACAGGAATCGTCCTTGCTAACTCATCATTAGACATTGCCCTACATGATACCTACTACGTAGTTGCTCACTTCCACTATGTCCTCTCAATGGGGGCAGTTTTTGCCATTCTAGCAGGATTTACCCACTGATTTCCCCTATTCACAGGCTTCACCCTACACCCCTCATGAACCAAAGCACACTTCGGAGTAATATTCATTGGGGTTAACCTAACCTTCTTCCCCCAGCACTTCCTAGGCCTAGCTGGAATGCCCCGACGGTACTCAGACTATCCAGATGCTTACACACTATGAAACACACTATCCTCGATCGGATCTTTAATCTCAATAACAGCCGTAATCATGCTTATGTTTATTGTATGAGAGGCCTTCTCAGCAAAACGAAAAGTATTACAACCCGAATTAACTGCCACTAAC,http://boldsystems.org/index.php/Public_RecordView?processid=GBIR1295-09,manually removed gaps in sequence
45,Swine,Sus scrofa,http://tolweb.org/Sus_scrofa/51289,AATCGTTGACTATACTCAACAAACCACAAAGACATCGGCACCCTGTACCTACTATTTGGTGCCTGAGCAGGAATAGTGGGCACTGCCTTGAGCCTGCTAATTCGCGCTGAACTAGGTCAGCCCGGAACCCTACTTGGCGATGATCAAATCTACAATGTAATTGTTACAGCTCATGCCTTTGTAATAATCTTCTTTATAGTAATACCCATTATGATTGGGGGTTTTGGTAACTGACTCGTACCGCTAATAATCGGAGCTCCCGATATGGCCTTTCCACGTATAAACAACATAAGTTTCTGACTACTTCCACCATCCTTCCTATTACTACTGGCATCCTCAATAGTAGAAGCCGGAGCGGGTACTGGATGAACTGTATACCCACCTTTAGCTGGAAACTTAGCCCATGCAGGGGCTTCAGTTGATCTAACAATTTTCTCCCTACACCTTGCAGGTGTATCATCAATCCTAGGGGCTATTAATTTCATTACCACAATTATTAACATAAAACCCCCCGCAATGTCTCAATACCAAACACCCCTGTTTGTCTGATCAGTACTAATCACAGCCGTACTACTTCTACTATCCCTGCCAGTTCTAGCAGCTGGCATTACTATACTACTAACAGACCGCAACCTGAACACAACCTTTTTTGATCCAGCAGGTGGTGGAGACCCTATCCTTTATCAACACTTGTTCTGATTTTTCGGACACCCAGAAGTATATATTCTCATCTTACCAGGATTCGGAATAATCTCCCACATTGTAACCTACTATTCAGGTAAAAAAGAACCATTTGGATATATAGGCATAGTATGAGCCATAATGTCCATTGGATTCTTAGGTTTTATTGTATGGGCTCACCACATATTCACCGTAGGAATAGACGTGGATACCCGAG,http://boldsystems.org/index.php/Public_RecordView?processid=GBMA0047-06,manually removed gaps in sequence
46,Ferret,Mustela putorius,https://en.wikipedia.org/wiki/Ferret,ATGTTCATTAATCGATGATTATTCTCCACTAATCACAAAGACATCGGCACCCTCTACCTCTTATTTGGTGCATGGGCCGGAATGGTAGGGACCGCTCTCAGTCTACTGATCCGTGCTGAACTAGGTCAACCTGGCACTCTGCTAGGAGACGACCAGATTTATAATGTAATCGTAACTGCTCACGCATTTGTAATAATTTTCTTCATAGTAATACCCATCATGCTTGGGGGCTTTGGGAACTGGCTTATTCCTCTAATAATCGGCGCACCTGACATAGCATTCCCACGGATAAACAACATAAGCTTCTGGCTTCTTCCGCCCTCTTTTCTTCTCCTACTAGCTTCCTCTATGGTAGAAGCAGGTGCAGGGACTGGATGAACTGTATACCCCCCTTTAGCAGGAAATCTAGCACATGCTGGAGCATCCGTGGACCTGGTAATCTTTTCTCTACACTTAGCTGGTGTTTCATCTATCTTAGGGTCAATCAACTTTATTACTACTATTATCAACATGAAACCGCCTGCCATGTCACAATACCAAACTCCACTATTTGTTTGATCAGTTTTAATTACAGCCGTACTTCTTCTTCTGTCCCTGCCAGTTTTAGCAGCCGGCATTACTATATTACTTACAGACCGTAATCTAAATACTACTTTCTTTGACCCAGCCGGAGGGGGGGACCCTATCCTGTACCAACACTTATTTTGATTCTTTGGGCACCCAGAAGTTTATATCCTGATTCTCCCAGGATTTGGTATCATTTCACACGTCGTAACTTACTACTCAGGAAAAAAAGAACCATTTGGTTATATGGGAATAGTATGGGCAATAATATCAATTGGTTTCCTAGGATTTATCGTATGAGCCCACCATATATTTACTGTGGGCCTGGACGTCGACACACGAGCATATTTCACTTCAGCTACTATAATCATCGCTATCCCCACAGGAGTAAAAGTATTCAGCTGACTAGCCACTCTGCATGGAGGAAATATCAAAT,http://boldsystems.org/index.php/Public_RecordView?processid=GBMA5381-13,species name found on Wikipedia
47,Brown-Headed Gull,Larus brunnicephalus,http://tolweb.org/Larus/90592,GTGACCTTCATCAATCGATGACTATTTTCAACAAACCACAAAGACATCGGCACCCTATATTTAATCTTCGGCGCATGAGCTGGCATAGTAGGTACTGCCCTCAGCCTGCTTATTCGTGCAGAACTTGGCCAACCCGGAACCCTCCTAGGGGACGACCAAATCTATAACGTAATTGTCACCGCCCACGCCTTCGTGATAATCTTCTTCATAGTAATACCAATCATGATCGGCGGCTTCGGAAACTGACTAGTCCCACTTATAATCGGTGCCCCCGACATAGCATTTCCACGTATAAACAACATAAGCTTCTGACTACTACCCCCATCATTCTTACTCCTCCTAGCCTCTTCCACAGTAGAAGCCGGAGCCGGTACAGGGTGAACAGTATACCCCCCTCTAGCTGGCAATCTAGCCCATGCTGGAGCTTCAGTAGACCTAGCAATCTTCTCCCTTCACTTAGCAGGTGTATCCTCCATTCTAGGTGCTATTAATTTTATCACTACAGCCATCAACATAAAACCTCCCGCTCTCTCACAATATCAAACCCCACTATTCGTATGATCCGTACTCATTACTGCCGTACTATTACTACTCTCACTTCCAGTGCTTGCTGCAGGCATCACTATACTACTTACAGACCGAAACCTAAACACAACATTCTTCGATCCCGCCGGAGGCGGTGACCCTGTACTGTATCAACACCTCTTCTGATTTTTTGGCCACCCAGAAGTATATATCCTAATCCTACCAGGCTTCGGAATCATTTCTCATGTTGTAACATACTACGCAGGTAAAAAAGAACCATTTGGCTACATAGGAATAGTCTGAGCCATACTATCCATCGGATTCCTAGGTTTCATCGTCTGAGCTCACCACATATTTACAGTCGGAATAGACGTAGACACCCGAGCATACTTCACATCTGCTACTATAATCATCGCTATCCCCACAGGCATCAAAGTATTCAGCTGATTAGCTACATTACACGGAGGGACTATCA,http://boldsystems.org/index.php/Public_RecordView?processid=GBIR4861-13,
48,Bar-Headed Goose,Anser indicus,http://tolweb.org/Anser_indicus/89143,GTCACCTTCATCAATCGATGACTATTTTCCACTAACCATAAGGATATTGGCACCCTATACCTCATCTTCGGGGCATGAGCAGGAATAGTCGGCACCGCACTCAGCCTATTAATCCGCGCAGAACTAGGACAACCAGGAACTCTCCTAGGCGACGACCAAATTTACAATGTAATCGTTACCGCTCACGCCTTTGTAATAATCTTCTTTATAGTCATACCCATCATGATCGGAGGATTCGGCAACTGATTAGTCCCCCTCATAATCGGTGCCCCCGACATAGCATTCCCGCGAATAAACAACATAAGCTTTTGACTCCTCCCCCCATCATTCCTCCTCCTACTAGCCTCATCCACTGTAGAAGCTGGCGCCGGCACAGGCTGAACTGTCTACCCTCCCCTGGCAGGTGACCTTGCCCACGCCGGAGCTTCAGTAGACCTGGCTATCTTCTCACTCCACTTAGCCGGTATCTCCTCCATTCTTGGGGCCATCAACTTTATCACCACAGCCATCAACATAAAACCCCCCGCACTCTCACAATACCAAACCCCACTATTTGTCTGATCCGTACTAATTACCGCCATCCTACTCCTTCTATCACTCCCCGTACTCGCCGCCGGTATTACAATATTACTAACTGATCGAAACCTAAACACCACATTCTTCGACCCCGCTGGAGGAGGAGACCCAATCCTGTACCAACACCTATTCTGATTCTTCGGACACCCAGAAGTCTATATTCTGATCCTACCGGGGTTCGGAATCATCTCACACGTAGTCACGTACTACTCAGGCAAAAAGGAGCCCTTCGGCTACATGGGAATAGTCTGAGCCATACTATCCATCGGCTTCCTAGGATTCATCGTCTGAGCTCACCACATGTTTACAGTGGGAATAGACGTTGATACCCGAGCCTACTTTACATCAGCCACTATAATCATTGCCATCCCTACCGGAATCAAAGTATTTAGCTGACTAGCCACCCTGCACGGAGGAACAATCAAATGAGACCCCCCCATACTATGAGCTCTAGGATTTATCTTCCTATTTACCATCGGAGGATTAACAGGAATCGTTCTTGCAAACTCTTCCCTAGACATCGCCCTGCACGACACGTACTACGTAGTTGCCCACTTCCACTACGTCCTATCCATAGGCGCCGTCTTTGCCATTCTAGCAGGATTTACTCACTGATTCCCACTACTCACTGGGTTTACCCTACACCAAACATGAGCAAAAGCCCACTTCGGGGTAATATTTACAGGAGTAAACCTAACGTTCTTCCCCCAGCACTTCCTAGGCCTAGCAGGAATACCCCGACGATACTCGGACTATCCCGACGCCTACACACTATGAAACACCATTTCCTCCATCGGCTCCCTAATCTCAATAGTAGCCGTAATCATACTAATATTCATCATCTGAGAAGCCTTTTCGGCCAAACGAAAAGTCCTACAACCAGAACTAACTACCACAAACGTTGAATGAATCCACGGCTGCCCTCCCCCATACCATACTTTCGAGGAACCGGCCTTCGTCCAAGTACAAGAA,http://boldsystems.org/index.php/Public_RecordView?processid=CYTC7744-15,
49,Greater Scaup,Aythya marila,http://tolweb.org/Aythya_marila/89269,GTGACCTTCATCAATCGATGATTATTCTCTACCAATCACAAAGACATCGGTACCTTATATCTTATCTTCGGGGCATGAGCCGGAATAATCGGCACAGCACTCAGCCTGCTAATCCGCGCAGAACTAGGCCAACCAGGAACCCTCCTAGGTGATGACCAGATTTACAACGTAATCGTCACCGCCCACGCCTTTGTAATAATCTTCTTCATAGTGATGCCCATCATAATCGGAGGGTTTGGCAACTGATTAGTCCCCCTAATAATCGGCGCCCCCGACATAGCATTCCCACGAATAAACAACATAAGCTTCTGGCTCCTCCCACCCTCATTCCTCCTCCTACTCGCCTCATCCACCGTAGAAGCTGGCGCCGGCACAGGCTGAACCGTGTACCCACCTCTAGCAGGCAACCTAGCTCACGCTGGAGCCTCAGTAGACCTGGCCATTTTCTCGCTCCACTTAGCCGGTGTTTCCTCTATTCTCGGAGCCATTAACTTCATCACCACAGCCATCAACATAAAACCCCCCGCACTCTCACAATACCAGACCCCACTCTTTGTCTGATCCGTCCTAATCACCGCTATTCTGCTCCTCCTATCACTACCCGTCCTCGCCGCTGGCATCACAATACTACTAACCGACCGAAACCTAAACACCACATTCTTTGACCCCGCCGGAGGAGGCGACCCAATCCTGTACCAACACCTATTCTGATTCTTCGGCCATCCGGAAGTCTACATCTTAATCCTC,http://boldsystems.org/index.php/Public_RecordView?processid=BONSC028-08,
50,Cinnamon Teal,Anas cyanoptera,http://tolweb.org/Anas_cyanoptera/89229,TCTATACCTTATCTTCGGGGCATGAGCCGGAATAATTGGCACAGCACTGAGCCTACTAATCCGCGCAGAGCTTGGTCAACCCGGGACTCTCCTGGGCGATGACCAAATTTACAACGTGATCGTCACCGCTCACGCCTTTGTAATAATCTTCTTCATAGTAATACCCATCATAATTGGAGGATTTGGCAACTGATTAGTCCCCCTGATAATCGGTGCCCCAGACATAGCATTCCCACGAATAAATAACATAAGCTTCTGACTCCTTCCACCATCATTCCTTCTGCTACTCGCCTCATCCACCGTAGAAGCTGGCGCTGGTACAGGTTGGACCGTGTACCCACCCCTAGCAGGCAACCTGGCCCACGCCGGAGCCTCAGTAGACCTGGCCATTTTCTCGCTCCACCTAGCCGGTGTTTCCTCCATCCTCGGAGCCATTAACTTCATTACCACAGCCATCAACATAAAACCCCCTGCACTCTCACAGTACCAAACCCCACTTTTCGTCTGATCAGTCCTAATTACCGCCATCCTGCTTCTCCTGTCACTTCCTGTCCTTGCCGCCGGCATCACAATGCTGCTAACCGACCGAAACCTAAACACCACATTCTTCGACCCTGCTGGAGGGGGAGACCCGATCCTGTATCAACACCTA,http://boldsystems.org/index.php/Public_RecordView?processid=BOTW062-04,
51,Dove,,,,,ambiguous term
52,Guineafowl,,,,,ambiguous term
53,Weasel,,,,,ambiguous term
54,Kelp Gull,Larus dominicanus,http://tolweb.org/Larus_dominicanus/90607,ATGGCCCCAAATCTACGAAAATCTCACCCCCTCCTCAAAATAGTTAACAACTCACTAATCGACCTCCCCACCCCACCAAACATCTCTACTTGATGAAACTTCGGATCCCTACTAGGCATTTGCCTACTAACACAAATCCTAACAGGACTCCTGCTAGCTATACATTACACCGCAGACACAACCCTAGCCTTCTCATCCGTCGCCCACACATGTCGAAACGTACAATATGGCTGACTAATCCGAAACCTCCACGCAAACGGAGCATCATTCTTCTTTATTTGTATTTACCTACACATCGGACGAGGATTCTACTATGGCTCATACCTCTATAAAGAAACCTGAAATACAGGAGTCATTCTCCTCTTAACCCTAATAGCAACTGCCTTCGTAGGATATGTCCTGCCATGAGGACAAATATCCTTCTGAGGTGCTACAGTCATCACCAACCTATTCTCAGCAATCCCATACATCGGCCAAACCCTCGTAGAATGAGCCTGAGGTGGCTTCTCAGTGGACAACCCAACACTAACCCGATTCTTCGCCCTCCATTTCCTACTTCCATTCATAATCGCAGGTCTTACCTTCATCCACCTAACCTTCCTTCACGAATCAGGATCAAACAATCCACTGGGTATTCAATCAAACTGTGACAAAATCCCATTCCACCCCTACTTCTCGCTCAAAGACATCCTAGGATTCATTATCATATTCTTACCACTAACAACATTAGCTCTATTCTCACCCAACCTGTTAGGTGATCCAGAAAACTTTACTCCAGCAAACCCACTCGTTACACCCCCACACATCAAACCCGAATGATACTTCCTATTCGCATACGCTATCTTACGCTCAATCCCCAACAAACTAGGGGGTGTATTAGCCCTTGCAGCATCCGTACTAGTACTATTCTTAAGCCCCCTACTCCACAAATCTAAGCAGCGTACAATAACCTTCCGTCCTCTCTCACAACTCCTATTCTGAATCCTAGTTACTAACCTCTTCATCCTAACATGAGTAGGCAGTCAACCCGTAGAACATCCCTTTATCATCATTGGACAACTGGCTTCCCTAACCTACTTCACCATCCTACTACTCCTATTCCCTGCCATTGGAGCCCTAGAAAACAAAATACTTAACTAC,http://boldsystems.org/index.php/Public_RecordView?processid=CYTC4422-12,
55,Poultry,,,,,ambiguous term
56,Muscovy Duck,Cairina moschata,http://tolweb.org/Cairina_moschata/89193,GTGACCTTCATCAACCGATGACTATTCTCTACCAACCACAAAGATATCGGCACCCTATACCTCATCTTCGGAGCATGAGCTGGAATAATTGGCACAGCACTCAGCCTACTAATTCGCGCAGAACTAGGCCAACCAGGGACTCTCCTGGGAGATGACCAAATCTATAACGTAGTCGTCACCGCCCACGCCTTTGTAATAATCTTCTTCATGGTGATACCTATCATGATTGGGGGGTTCGGCAACTGATTAGTCCCCCTAATGATTGGCGCCCCCGACATGGCATTCCCCCGAATAAACAACATAAGCTTCTGACTTCTCCCACCATCATTCCTCCTACTGCTCGCCTCATCTACCGTAGAAGCTGGCGCCGGTACGGGCTGAACTGTATACCCACCACTAGCAGGCAACCTAGCCCATGCCGGGGCTTCAGTAGACCTAGCTATCTTCTCCCTCCACTTAGCCGGTGTCTCCTCCATCCTCGGGGCCATCAACTTCATCACTACAGCCATCAACATAAAACCCCCCGCACTTTCACAATACCAAACCCCTCTCTTCGTCTGATCCGTCCTAATCACCGCCATCCTACTCCTCCTATCCCTCCCCGTCCTCGCTGCTGGCATCACAATGCTACTAACCGACCGAAACCTAAACACCACATTCTTTGACCCCGCTGGAGGAGGGGATCCAATCCTGTATCAGCACCTGTTCTGATTCTTTGGCCACCC,http://boldsystems.org/index.php/Public_RecordView?processid=BROMB680-07,
57,Sooty Tern,Sterna fuscata,http://tolweb.org/Sterna_fuscata/90679,,,not available on BOLD
58,Hooded Merganser,Lophodytes cucullatus,http://tolweb.org/Lophodytes_cucullatus/89289,GTGACCTTCATCAATCGATGATTATTCTCCACCAATCACAAAGACATCGGCACCCTGTATCTTATCTTTGGGGCATGAGCTGGAATAATTGGAACAGCACTCAGCCTGCTAATCCGCGCAGAACTCGGCCAACCAGGGACCCTCCTAGGCGATGACCAAATTTACAATGTAATCGTCACCGCCCACGCTTTTGTAATAATCTTCTTCATGGTAATGCCCATCATAATCGGAGGATTCGGCAACTGACTAGTTCCCCTGATGATCGGCGCCCCCGACATGGCATTCCCACGAATAAACAACATAAGCTTCTGACTCCTTCCACCATCATTTCTTCTACTACTCGCCTCATCTACCGTAGAAGCCGGCGCTGGCACAGGCTGAACCGTGTACCCACCCCTAGCAGGAAACTTAGCCCATGCAGGAGCCTCAGTAGATCTAGCTATCTTCTCGCTCCACTTGGCTGGCGTTTCTTCCATCCTCGGAGCCATTAACTTCATCACCACAGCCATCAACATAAAACCCCCCGCACTCTCACAATACCAGACCCCACTTTTCGTCTGATCTGTCCTAATCACCGCCATTCTACTCCTTCTATCACTCCCTGTCCTCGCCGCTGGCATCACAATGCTACTAACCGACCGAAACCTAAACACCACATTCTTCGACCCCACCGGGGGAGGAGACCCAATTCTATACCAACACCTGTTCTGATTCTTCGGCCACCCAGAAGTCTATATCCTGATCCTCCCAGGATTCGGGATTATTTCCCACGTGGT,http://boldsystems.org/index.php/Public_RecordView?processid=BROMB336-06,
59,Common Scoter,,,,,not available on TOL
60,Black-Billed Magpie,,,,,not available on TOL
61,Common Eider,Somateria mollissima,http://tolweb.org/Somateria_mollissima/89275,CTCCAACCCACAAAGACATTGGCACCCTATACCTTATCTTCGGAGCATGAGCCGGAATAATTGGCACAGCACTCAGCCTGCTAATCCGCGCAGAACTAGGACAACCCGGAACCCTCCTAGGTGATGACCAAATTTACAACGTAATCGTTACCGCCCACGCCTTTGTAATAATCTTTTTCATGGTAATGCCTATTATAATCGGAGGATTCGGCAACTGACTAGTCCCCCTAATAATCGGCGCCCCAGACATAGCATTCCCACGAATAAACAACATAAGCTTCTGACTCCTCCCACCATCATTCCTCCTACTGCTCGCCTCATCTACCGTAGAAGCCGGCGCTGGCACAGGCTGAACTGTGTACCCACCCCTAGCAGGCAACCTAGCCCACGCCGGAGCCTCAGTAGACCTGGCTATCTTCTCACTCCATTTAGCCGGTGTTTCCTCCATCCTCGGAGCCATTAACTTCATCACCACAGCCATCAACATAAAACCCCCCGCACTCTCACAGTACCAAACCCCCCTCTTTGTCTGATCCGTCCTAATCACCGCCATCCTACTCCTCCTATCACTCCCCGTCCTCGCCGCTGGCATCACAATACTACTAACTGACCGAAACCTAAACACCACATTCTTTGACCCTGCCGGGGGAGGAGACCCGATCCTGTACCAGCACCTATTTTGATTCTTCGGCCACCCAGAAGTCTACATCTTAATCCTCCCAGGATTTGGAATTATCTCCCACGTA,http://boldsystems.org/index.php/Public_RecordView?processid=BON377-07,
62,Duck,,,,,ambiguous term
63,Bewick's Swan,,,,,not available on TOL
64,Scaup,,,,,ambiguous term
65,Common Coot,,,,,not available on TOL
66,Crane,,,,,ambiguous term
67,Glaucous Gull,Larus hyperboreus,http://tolweb.org/Larus_hyperboreus/90611,TTTTTCTCCAACCCACAAAGACATTGGCACCCTATACTTAATCTTTGGCGCATGAGCTGGCATAGTAGGTACTGCCCTCAGCCTGCTTATCCGTGCAGAACTTGGCCAACCCGGAACCCTCCTAGGAGACGACCAAATCTATAACGTAATTGTCACCGCCCATGCCTTCGTGATAATCTTCTTCATAGTGATACCAATCATGATCGGTGGGTTTGGAAACTGACTAGTCCCACTTATAATCGGTGCCCCTGATATAGCATTTCCACGCATAAACAACATAAGCTTCTGACTATTACCCCCATCATTCCTACTCCTCCTAGCCTCTTCCACAGTAGAAGCTGGAGCCGGCACAGGGTGAACAGTATACCCCCCTCTAGCTGGCAATCTAGCCCATGCTGGAGCCTCAGTAGACCTAGCAATCTTCTCTCTTCACTTAGCAGGTGTATCTTCCATTCTGGGTGCTATCAACTTTATCACTACAGCCATCAACATAAAACCCCCTGCCCTCTCACAATATCAAACCCCACTATTCGTATGATCCGTACTCATCACTGCCGTCCTATTACTACTTTCACTCCCAGTGCTTGCCGCAGGCATTACTATGCTACTCACAGACCGAAACCTAAACACAACATTCTTCGATCCCGCCGGAGGCGGCGACCCTGTACTGTACCAACACCTCTTCTGATTCTTCGGCCACCCAGAAGTATACATCCTAATCCTACCAGGATTTGGAATTATCTCCCACGTA,http://boldsystems.org/index.php/Public_RecordView?processid=BON168-07,
68,Black-Headed Gull,,,,,ambiguous term
69,Goose,,,,,ambiguous term
70,Openbill Stork,,,,,Openbill Stork
71,Common Murre,Uria aalge,http://tolweb.org/Uria/90563,CCCACAAAGACATTGGCACCCTATATCTAATCTTTGGCGCATGAGCTGGTATAGTTGGTACCGCCCTAAGCCTGCTCATCCGTGCAGAACTAGGCCAACCAGGGACCCTCCTAGGAGATGACCAAATCTATAATGTAATCGTCACCGCCCACGCCTTTGTAATAATCTTCTTCATAGTAATACCAATCATGATTGGTGGTTTCGGAAACTGATTAGTCCCACTAATAATCGGTGCACCCGATATAGCATTTCCCCGTATAAACAATATAAGCTTCTGACTATTACCCCCATCATTCCTACTCCTCCTAGCCTCTTCCACAGTAGAAGCTGGAGCTGGTACAGGATGAACTGTATATCCTCCCCTGGCTGGTAATCTAGCCCATGCCGGAGCTTCAGTGGATTTAGCAATCTTCTCCCTTCACTTAGCAGGTGTATCATCTATTCTAGGCGCTATCAACTTTATCACAACAGCCATCAACATAAAGCCTCCAGCCCTCTCACAATACCAAACCCCCCTATTCGTATGATCAGTACTTATCACTGCTGTCCTACTACTACTCTCACTCCCAGTACTTGCTGCTGGTATCACTATATTACTAACAGATCGAAACTTAAACACAACATTCTTTGATCCAGCTGGAGGTGGTGACCCAGTACTTTACCAACACCTCTTCTGATTCTTTGGTCATCCAGAAGTATACATCCTAATCCTACCAGGATTTGGAATTATCTCCCACGTA,http://boldsystems.org/index.php/Public_RecordView?processid=BON161-07,
72,Laughing Gull,Larus atricilla,http://tolweb.org/Larus_atricilla/90636,CACTCTATACCTAATCTTCGGCGCATGAGCTGGCATAGTAGGTACTGCCCTCAGCCTGCTTATTCGTGCAGAACTTGGCCAACCCGGAACCCTCCTAGGAGACGATCAAATCTATAACGTAATCGTCACCGCCCACGCCTTCGTGATAATCTTCTTCATAGTGATACCAATCATGATCGGTGGATTCGGAAACTGATTAGTCCCACTTATAATCGGTGCCCCTGACATAGCATTTCCACGCATAAACAACATAAGCTTCTGACTGTTACCCCCATCATTCCTACTCCTCCTAGCCTCTTCCACAGTAGAAGCTGGAGCTGGTACAGGGTGAACAGTATACCCACCTCTAGCTGGCAATCTAGCCCATGCTGGAGCCTCAGTAGACCTAGCAATCTTCTCTCTTCACTTAGCAGGTGTATCTTCCATTCTAGGCGCTATTAACTTCATCACTACAGCCATCAACATAAAACCCCCTGCCCTCTCACAATATCAAACCCCACTATTTGTATGATCCGTACTCATCACTGCCGTCCTATTACTACTTTCACTCCCAGTGCTTGCCGCAGGCATTACTATGCTACTCACAGACCGAAACCTAAACACAACATTCTTTGATCCCGCCGGGGGCGGTGACCCTGTACTGTATCAACACCTCTTCTGATTCTTTGGTCACCCAGAAGTATACATCCTAATC,http://boldsystems.org/index.php/Public_RecordView?processid=BROM551-07,
73,Environment,,,,,ambiguous term
74,Least Sandpiper,Calidris minutilla,http://tolweb.org/Calidris_minutilla/90817,GTGACTTTTATCAACCGATGACTATTCTCAACCAACCACAAAGATATCGGCACCCTATACCTAATCTTCGGTGCATGAGCCGGTATAGTCGGAACTGCCCTTAGCCTGCTCATTCGTGCAGAACTAGGTCAACCCGGAACCCTTTTAGGAGATGACCAAATCTACAACGTTATTGTCACTGCCCACGCTTTTGTAATAATCTTCTTCATAGTAATGCCAATCATAATTGGTGGCTTTGGAAACTGACTAGTCCCACTTATAATCGGCGCCCCTGACATAGCATTTCCTCGTATAAACAATATAAGCTTCTGATTGTTGCCCCCATCATTCCTACTACTACTAGCATCATCCACAGTAGAAGCCGGAGCAGGTACAGGATGAACAGTATACCCCCCACTCGCTGGTAACCTAGCCCATGCTGGAGCCTCCGTAGACTTAGCTATCTTCTCCCTCCACCTAGCAGGTGTCTCCTCCATCCTAGGCGCTATCAACTTCATTACAACCGCCATTAACATAAAACCTCCAGCCCTCTCCCAATACCAAACACCCCTATTCGTATGATCAGTACTTATCACCGCTGTCCTACTCTTACTCTCCCTCCCAGTCCTTGCCGCCGGCATCACTATACTGCTAACAGACCGAAACCTAAACACTACATTCTTCGACCCCGCCGGAGGAGGAGATCCAGTCCTATACCAGCACCTCTTCTGATTCTTTGGTCACCCAGAAGTCTACATCTTAATCCTACCAGGTTTCGGAATCATCTCTCACGTTGTAGCCTACTATGCTGGTAAAAAAGAACCATTCGGATACATAGGAATAGTATGAGCTATACTATCCATCGGCTTCCTGGGCTTCATTGTCTGAGCTCATCACATATTCACGG,http://boldsystems.org/index.php/Public_RecordView?processid=BROM340-06,
75,Large Cat,,,,,ambiguous term
76,White-Winged Scoter,Melanitta deglandi,http://tolweb.org/Melanitta_deglandi/89280,,,not available on BOLD
77,White-Fronted Goose,,,,,ambiguous term
78,Little Grebe,Tachybaptus ruficollis,http://tolweb.org/Tachybaptus_ruficollis/89446,CAGGCATAGTCGGCACCGCCCTAAGCCTGCTAATCCGTGCAGAACTAGGCCAACCAGGAACCCTTCTAGGAGACGACCAGATCTACAATGTAATCGTCACTGCCCATGCTTTCGTAATAATCTTCTTTATAGTAATACCAATCATAATCGGAGGATTTGGAAACTGACTAGTCCCCCTAATAATTGGAGCCCCCGACATAGCATTCCCCCGCATAAACAACATAAGCTTCTGACTTCTTCCTCCATCCTTCCTGCTCCTCCTAGCCTCATCAACAGTAGAAGCAGGAGCAGGCACAGGATGGACCGTATACCCACCACTAGCAGGCAATCTAGCCCATGCTGGTGCCTCAGTAGACTTAGCCATCTTTTCACTACACCTAGCAGGTGTATCCTCAATTCTAGGAGCAATTAACTTCATCACAACCGCCATCAACATAAAACCACCAGCCCTCTCACAATACCAAACTCCCCTATTCGTATGATCCGTCCTCATCACTGCCGTCTTACTACTACTCTCACTTCCAGTCCTCGCCGCCGGCATTACCATACTACTAACAGACCGAAACCTAAACACCACATTCTTCGACCCCGCTGGAGGCGGAGACCCAGTCCTATACCAACATCTCTTCTGATTCTTTGGCCACCCAGAAGTCTACATCCTAATCCTCCCAGGATTTGG,http://boldsystems.org/index.php/Public_RecordView?processid=BON420-07,
79,Wild Chicken,,,,,ambiguous term
80,Great Black-Headed Gull,Larus ichthyaetus,http://tolweb.org/Larus_ichthyaetus/90620,,,not available on BOLD
81,Silky Chicken,,,,,not available on TOL
82,Black Duck,,,,,ambiguous term
83,Baikal Teal,Anas formosa,http://tolweb.org/Anas_formosa/89247,ATGGCCCCAAATATCCGCAAATCCCACCCCCTACTAAAAATAATCAACAACTCCCTAATTGACCTCCCCGCACCCTCTAATATCTCCGCCTGATGAAACTTCGGATCCCTGCTCGCCATCTGCCTGGCCACACAAATCCTAACAAGCCTCTTACTAGCCATACACTACACCGCAGACACATCCCTTGCCTTCTCCTCAGTGGCCAACACATGCCGAAATGTCCAATATGGCTGACTCATCCGCAACCTACATGCCAACGGCGCCTCATTCTTCTTCATCTGCATCTACCTGCACATCGGACGAGGCTTCTACTACGGCTCCTACCTCTACAAAGAAACCTGAAACACAGGAGTAATCCTCCTGCTCACCCTCATAGCAACTGCCTTCGTGGGCTATGTCCTGCCATGAGGGCAAATATCATTCTGAGGGGCCACCGTAATCACCAACCTATTCTCGGCCCTCCCATACGTCGGACAAACCCTAGTAGAATGAGCTTGAGGGGGATTCTCGGTAGACAACCCAACCCTAACCCGATTCTTCGCCATCCACTTCCTACTGCCCTTTTTAATCGCAGGAATCACCCTGGTCCACTTAACCTTCTTACACGAATCGGGCTCAAATAACCCTCTAGGCATTGTATCAGACTGCGACAAAATCCCATTCCACCCATACTTCTCCTTCAAAGACATCCTAGGATTTATCCTCATGCTAACCCCACTCATAGCACTAGCCCTATTCTCGCCAAATCTCTTAGGGGACCCAGAAAACTTTACCCCCGCAAACCCACTAGTAACCCCACCACATATTAAGCCAGAATGATATTTCCTATTCGCCTACGCCATCCTACGATCGATTCCAAACAAACTGGGAGGAGTCCTAGCACTAGCCGCCTCCGTACTAATCCTATTCCTGGTCCCATTCCTCCACAAGTCAAAACAACGAACAATAACATTTCGGCCACTCTCCCAACTCCTATTCTGAACGCTAGTGGCCAACCTCCTCGTCCTAACATGAGTAGGGAGCCAACCCGTCGAACACCCCTTCATCATCATCGGACAACTTGCATCAATTACCTACTTTACCATCCTCCTATTCCTCTTCCCCGCTGTAAGCGCCTTAGAAAATAAAATGCTTAACTGC,http://boldsystems.org/index.php/Public_RecordView?processid=CYTC1051-12,
84,Stork,,,,,ambiguous term
85,Rook,,,,,ambiguous term
86,Crow,,,,,ambiguous term
87,Bird,,,,,ambiguous term
88,Red-Necked Stint,Calidris ruficollis,http://tolweb.org/Calidris_ruficollis/90813,GTGACTTTTATCAATCGATGACTATTCTCAACCAACCACAAAGACATCGGTACCCTATACCTAATCTTCGGTGCATGAGCTGGTATAGTCGGAACCGCCCTCAGCCTGCTCATCCGTGCAGAACTAGGCCAGCCCGGAACCCTTCTAGGAGATGACCAAATCTATAACGTCATTGTCACCGCCCATGCCTTCGTAATAATCTTCTTCATAGTAATGCCAATCATAATTGGTGGCTTCGGAAATTGACTAGTTCCACTTATAATTGGTGCCCCTGACATAGCATTCCCTCGCATGAACAACATAAGCTTTTGATTACTACCTCCATCATTCCTACTGCTTCTAGCATCATCTACAGTAGAAGCCGGAGCAGGTACAGGATGGACAGTATACCCCCCACTTGCTGGCAACTTAGCCCATGCCGGAGCTTCTGTAGACCTAGCTATCTTCTCCCTCCACCTAGCAGGTGTCTCTTCTATTCTAGGTGCTATTAACTTCATCACAACTGCCATTAATATAAAACCCCCAGCCCTCTCCCAATACCAAACACCCCTATTTGTATGATCAGTACTTATCACCGCCGTCCTACTTCTACTTTCTCTCCCAGTTCTCGCTGCTGGTATCACCATACTATTAACAGATCGAAATCTAAACACCACATTCTTTGACCCCGCTGGAGGCGGAGACCCAGTCCTATACCAACACCTTTTCTGATTCTTCGGCCACCCAGAAGTCTACATCCTAATTCTGCCTGGTTTCGGAATCATTTCTCATGTTGTAGCCTACTATGCAGGCAAAAAAGAGCCATTCGGATACATGGGAATAGTATGAGCCATACTATCTATCGGCTTCCTAGGCTTTATTGTCTGAGCCCACCATATATTCACAGTAGGAATAGACGTA,http://boldsystems.org/index.php/Public_RecordView?processid=BROM347-06,
89,Aquatic Bird,,,,,ambiguous term
90,Sloth Bear,Melursus ursinus,http://tolweb.org/Melursus_ursinus/123662,AATCGATGACTATTCTCTACAAATCACAAAGACATTGGTACTCTTTACCTTCTGTTCGGTGCATGAGCCGGAATAGTGGGCACTGCTCTCAGCCTTTTAATTCGTGCCGAACTAGGTCAACCCGGGGCTCTGTTGGGGGATGATCAGATCTACAACGTAGTCGTAACCGCCCATGCATTTGTGATAATCTTCTTCATAGTCATGCCTATTATAATTGGGGGGTTCGGGAATTGATTAGTGCCCTTGATAATCGGTGCTCCTGACATAGCGTTTCCTCGAATAAATAACATGAGTTTCTGACTACTGCCGCCATCTTTCTTATTGCTTCTGGCCTCTTCCATAGTAGAAGCAGGCGCAGGAACTGGGTGAACGGTCTATCCCCCTTTAGCAGGTAATCTGGCCCATGCAGGAGCATCAGTAGACTTAACAATCTTTTCTCTGCACTTAGCAGGCGTCTCTTCTATTCTAGGAGCTATCAACTTCATTACTACTATCATCAACATGAAGCCCCCTGCAATATCTCAGTACCAAACTCCTCTATTTGTGTGATCAGTCCTAATCACGGCAGTGCTCCTTCTTTTATCTCTGCCAGTCTTAGCAGCCGGAATTACTATATTACTTACAGATCGAAATCTCAACACTACCTTTTTTGACCCAGCTGGAGGGGGAGACCCCATTCTATACCAACACTTGTTCTGATTCTTCGGACACCCTGAAGTTTATATCCTAATTCTTCCTGGGTTTGGAATGATCTCTCACATTGTTACCTATTACTCAGGAAAAAAAGAACCCTTTGGCTATATAGGAATAGTTTGAGCGATGATATCCATCGGATTCTTAGGATTTATCGTGTGAGCTCACCATATGTTTACCGTAGGTATAGACGTCGACACACGAGCTTACTTCACTTCAGCCACCATAATTATTGCAATCCCAACAGGAGTCAAAGTATTTAGCTGACTAGCCACC,http://boldsystems.org/index.php/Public_RecordView?processid=GBMA1781-08,manually removed gaps in sequence
91,Pintail,,,,,ambiguous term
92,Long-Tailed Duck,Clangula hyemalis,http://tolweb.org/Clangula_hyemalis/89283,CCCACAAAGACATTGGCACCTTATACCTTATCTTCGGAGCATGAGCCGGAATAATCGGCACCGCACTCAGCCTGCTAATCCGCGCAGAACTGGGCCAACCAGGAACCCTCCTGGGTGATGACCAAATTTACAATGTAATCGTCACCGCCCACGCATTTGTAATAATCTTCTTCATAGTAATGCCTATCATAATCGGAGGATTTGGCAACTGATTAGTCCCCCTAATAATCGGCGCCCCTGACATGGCATTCCCACGAATAAACAACATGAGCTTTTGACTCCTCCCACCCTCCTTCCTCTTACTGCTCGCCTCATCTACCGTAGAAGCTGGCGCTGGCACAGGCTGAACCGTATATCCGCCCCTAGCAGGCAACCTAGCCCACGCCGGAGCCTCAGTAGACCTAGCCATCTTCTCACTCCATCTAGCCGGTGTTTCCTCCATCCTCGGGGCCATCAACTTCATCACCACAGCCATTAACATAAAACCTCCCGCACTCTCACAATACCAAACCCCCCTTTTCGTCTGATCCGTCCTAATCACCGCCATCCTACTCCTCCTATCACTCCCCGTCCTCGCTGCCGGTATCACAATACTACTTACCGACCGAAATCTAAACACCACATTCTTTGACCCCGCCGGAGGGGGAGACCCAATCCTGTACCAACACCTGTTCTGATTCTTCGGCCACCCAGAAGTCTATATCCTAATCCTCCCAGGATTTGGAATTATCTCCCACGTA,http://boldsystems.org/index.php/Public_RecordView?processid=BON140-07,
93,Eagle-Owl,,,,,ambiguous term
94,Peregrine Falcon,Falco peregrinus,http://tolweb.org/Falco_peregrinus/66454,ACAAAGACATTGGCACCCTATACCTACTCTTCGGAGCATGAGCAGGCATAGTCGGTACTGCCCTTAGCCTCCTTATTCGAACAGAACTTGGCCAACCAGGAACTCTCCTAGGAGATGACCAAATCTACAATGTCATCGTCACTGCCCATGCCTTCGTAATAATCTTTTTCATAGTTATACCCATTATGATCGGAGGATTTGGAAACTGACTAGTTCCCCTTATAATTGGAGCTCCAGACATAGCATTTCCCCGCATAAACAACATGAGTTTCTGACTACTCCCCCCATCCTTTCTACTGCTCCTAGCATCTTCCACAGTAGAAGCTGGAGTTGGAACAGGATGAACCGTATACCCCCCCTTAGCAGGCAACCTAGCCCACGCCGGTGCTTCAGTAGACCTGGCTATCTTCTCCCTACACCTTGCAGGTGTATCTTCCATCTTAGGGGCAATCAACTTTATCACAACAGCCATTAACATAAAACCACCCGCCCTATCACAGTACCAAACCCCACTATTCGTATGATCCGTACTTATTACCGCCGTACTCCTACTGCTCTCACTTCCAGTTCTGGCCGCTGGCATCACCATACTACTAACCGACCGAAACCTGAACACTACATTCTTCGACCCCGCCGGAGGGGGAGACCCTATTCTCTATCAACACCTATTCTGATTCTTCGGCCACCCAGAAGTTTATATCCTAATCCTCCCAGGATTTGGAATTATTCTCCC,http://boldsystems.org/index.php/Public_RecordView?processid=BON389-07,
95,Dog,,,,,ambiguous term
96,Shorebird,,,,,ambiguous term
97,Bufflehead,Bucephala albeola,http://tolweb.org/Bucephala_albeola/89285,CCTGTATCTTATCTTCGGGGCATGAGCCGGGATAATTGGTACAGCACTCAGCCTGCTAATCCGCGCAGAACTCGGCCAACCAGGGACCCTCCTGGGCGATGACCAAATTTACAACGTAATCGTCACCGCCCACGCCTTCGTAATAATCTTCTTCATAGTAATGCCCATCATGATTGGAGGGTTCGGCAACTGATTAGTCCCCCTAATGATCGGCGCCCCCGACATAGCATTCCCACGAATAAACAACATAAGCTTCTGACTCCTCCCACCATCATTCCTCCTACTGCTCGCTTCATCTACCGTAGAAGCTGGCGCCGGCACAGGCTGAACCGTATACCCACCCCTAGCAGGGAATCTAGCCCACGCTGGGGCCTCCGTAGACCTGGCCATCTTCTCACTCCATTTGGCCGGTATTTCCTCCATCCTCGGGGCCATTAACTTCATCACCACAGCCATCAACATAAAACCCCCCGCACTCTCACAATACCAAACCCCACTCTTCGTCTGATCCGTCTTAATCACCGCCATCCTGCTCCTCCTGTCACTCCCTGTACTCGCTGCTGGTATCACAATACTACTAACTGACCGAAACCTAAACACCACATTCTTCGACCCCGCCGGAGGAGGAGACCCGATCTTATACCAACACCTATTCTGATTCTTCGGCCACCCAGAAGTCTACATCTTAATCCTC,http://boldsystems.org/index.php/Public_RecordView?processid=BOTW009-04,
98,Red-Crested Pochard,Netta rufina,http://tolweb.org/Netta_rufina/89255,GTGACCTTCATCAATCGATGACTATTCTCTACTAATCACAAAGACATCGGTACCTTATATCTTATCTTTGGGGCATGAGCCGGAATAATCGGCACAGCACTCAGCCTGCTAATCCGCGCAGAACTAGGCCAACCAGGAACCCTCCTAGGTGATGACCAGATCTACAACGTAATCGTCACCGCCCACGCCTTTGTAATAATCTTCTTCATAGTGATACCCATCATAATCGGAGGATTTGGCAACTGATTAGTCCCCCTAATAATCGGCGCCCCCGACATAGCATTCCCACGAATAAACAACATAAGCTTCTGACTCCTCCCACCCTCATTCCTCCTACTACTCGCCTCATCCACCGTAGAAGCAGGCGCTGGCACAGGCTGAACCGTGTACCCACCCCTAGCAGGCAACCTAGCTCACGCTGGAGCCTCAGTAGACCTGGCCATCTTCTCACTCCACTTAGCCGGTGTTTCCTCCATCCTAGGAGCCATCAACTTCATTACCACTATCGTTAATATAAAACCCCCTGCACTATCACAGTACCAAACACCCCTATTCGTTTGATCCGTCCTCATCACCGCTATCCTCCTACTACTCTCCCTGCCAGTCCTAGCCGCTGGAATTACAATACTACTTACCGACCGCAACCTTAACACCACATTCTTCGACCCCGCAGGGGGAGGAGACCCAATCTTATATCAACATCTATTCTGATTCTTTGGTCACCCTGAAGTCTACATTCTTATCCTTCCAGGTTTCGGAATAATCTCACACGTAGTAGCATATTATGCAGGAAAAAAAGAACCCTTCGGCTATATGGGAATAGTATGAGCAATATTATCAATCGGATTCTTAGGCTTCATTGTATGAGCCCACCACATATTCACAGTGGGCATAGACGTAGACACCCGAGCTTACTTCACATCTGCCACTATAATCATTGCTATCCCAACCGGCATCAAAGTATTTAGCTGACTCGCCACCTTACATGGAGGAACAATTAAATGAGACCCACCTATGCTATGAGCCCTAGGATTTATCTTCTTATTCACTATTGGAGGCCTGACAGGAATTGTCCTAGCCAACTCATCACTAGACATTGCCCTCCACGATACTTACTATGTAGTCGCCCACTTCCACTATGTCCTCTCAATAGGGGCAGTTTTCGCCATTCTAGCAGGATTCACTCACTGATTCCCTCTTTTCACAGGCTTCACCCTCCACCCCTCATGAACAAAAGCACACTTTGGAGTAATATTTGCAGGAGTCAACCTAACTTTCTTCCCGCAACACTTCCTAGGCCTAGCTGGCATGCCCCGACGATACTCAGACTACCCAGACGCCTACACACTGTGAAACACACTATCCTCAATCGGCTCCCTAATCTCAATAACAGCTGTAATCATTCTCATATTCATCGTCTGAGAAGCCTTCTCGGCAAAACGAAAAGTACTTCAGCCCGAACTAACTTCCACCAACATTGAATGAATCCACGGCTGCCCCCCTCCATACCACACCTTTGAAGAGCCGGCCTTCGTCCAAGTACAAGAA,http://boldsystems.org/index.php/Public_RecordView?processid=GBIR6053-15,
99,Parakeet,,,,,ambiguous term
100,Tufted Duck,Aythya fuligula,http://tolweb.org/Aythya_fuligula/89268,ATCTTCGGGGCATGAGCCGGAATAATCGGCACAGCACTCAGCCTGCTAATCCGCGCAGAACTAGGCCAACCAGGAACCCTCCTGGGTGATGACCAGATTTACAACGTAATCGTCACCGCCCACGCCTTTGTAATAATCTTCTTCATAGTGATGCCCATCATAATCGGAGGGTTTGGCAACTGATTAGTCCCCCTAATAATCGGCGCCCCCGACATAGCATTCCCACGAATAAACAACATAAGCTTCTGGCTCCTCCCACCTTCATTCCTCCTCCTACTCGCCTCATCCACCGTAGAAGCTGGTGCCGGCACAGGCTGAACCGTGTACCCACCTCTAGCAGGCAACCTAGCTCACGCTGGAGCCTCAGTAGACCTGGCCATTTTCTCGCTCCACTTAGCCGGTGTTTCCTCTATCCTCGGAGCCATTAACTTCATCACCACAGCCATCAACATAAAACCCCCTGCACTCTCACAATACCAGACCCCACTCTTTGTTTGATCCGTCCTAATCACCGCTATTCTGCTCCTCCTATCACTACCCGTCCTCGCCGCTGGCATCACAATACTACTAACCGACCGAAACCTAAACACCACATTCTTTGACCCTGCCGGAGGAGGCGACCCAATCCTGTACCAACACCTATTCTGATTCTTCGGCCATCCGGAAGTCT,http://boldsystems.org/index.php/Public_RecordView?processid=BJNSM337-10,
101,Shrike,,,,,ambiguous term
102,Green-Winged Teal,Anas carolinensis,http://tolweb.org/Anas_carolinensis/89249,TCTATACCTTATCTTCGGGGCATGAGCCGGAATAATTGGCACAGCACTTAGCCTGCTAATCCGCGCAGAACTAGGCCAACCAGGAACCCTCCTGGGCGACGACCAAATTTACAACGTAATCGTCACCGCCCACGCCTTTGTAATAATCTTCTTCATGGTAATGCCCATCATAATTGGAGGATTCGGCAACTGATTAGTCCCCCTAATGATCGGTGCCCCCGACATAGCATTCCCACGAATAAATAACATAAGCTTCTGACTCCTCCCCCCATCATTCCTCCTTCTACTCGCCTCATCTACTGTAGAAGCTGGCGCCGGTACAGGATGAACCGTGTACCCACCCCTAGCAGGCAACCTGGCCCACGCCGGAGCCTCAGTAGACCTAGCTATCTTCTCGCTTCACCTAGCCGGTGTCTCCTCCATCCTCGGGGCCATTAACTTCATTACCACGGCCATCAACATAAAACCCCCCGCACTCTCACAGTACCAAACCCCACTTTTCGTCTGATCAGTCCTAATTACCGCCATCCTGCTCCTCCTATCACTCCCCGTCCTCGCCGCCGGCATCACGATGCTACTAACCGACCGAAACCTAAACACCACATTCTTTGACCCCGCTGGAGGAGGAGACCCAATCCTGTATCAGCACCTATTTTGATTCTTCGGCCACCCAGAAGTCTACATCTTAATCNTC,http://boldsystems.org/index.php/Public_RecordView?processid=KBNA230-04,
103,Teal,,,,,ambiguous term
104,Avian,,,,,ambiguous term
105,Human,Homo sapiens,http://tolweb.org/Homo_sapiens/16421,TGTGGGGGGGGGTGTCTTTGGGGTTTGGTTGGTTCGGGGTATGGGGTTAGCAGCGGTGTGTGTGTTGGGTAGGATGGGCGGGGGTTGTATTGATGAGATTAGTAGTATGGGAGTGGGAGGGGAAAATAATGTGTTAGTTGGGGGGTGACTGTTAAAAGTGCATACCGCCAAAAGATAAAATTTGAAATCTGGTTAGGCTGGTGTTAGGGTTCTTTGTTTTTGGGGTTTGGCAGAGATGTGTTTAAGTGCTGTGGCCAGAAGCGGGGGAGGGGGGGTTTGGTGGAAATTTTTTGTTATGATGTCTGTGTGGAAAGCGGCTGTGCAGACATTCAATTGTTATTATTATGTCCTACAAGCATTAATTAATTAACACACTTTAGTAGGTATGTTCGCCTATAATATTGAACGTAGGTGCGATAAATAATGGGATGAGGCAGGAATCAAAGACAGATACTGCGACATAGGGTGCTCCGGCTCCAGCGTCTCGCAATGCTATCGCGTGCACACCCCCCAGACGAAAATACCAAATGCATGGAGAGCTCCCGTGAGTGGTTAATAGGGTGATAGACCTGTGATCCATCGTGATGTCTTATTTAAGGGGAACGTGTGGGCTATTTAGGCTTTATGGCCCTGAAGTAGGAACCAGATGTCGGATACAGTTCACTTTAGCTACCCCCAAGTGTTATGGGCCCGGAGCGAGGAGAGTAGCACTCTTGTGCGGGATATTGATTTCACGGAGGATGGTGGTCAAGGGACTCCTATCTGAGGGGGGTCATCCATGGGGACGAGAAGGGATTTGACTGTAATGTGCTATGTACGGTAAATGGCTTTATGTGCTATGTACTGTTAAGGATGGGTAGGTTTGTTGATATCCTAGTGGGTGAGGGGTGGCTTTGGAGTTGCAGTTGATGTGTGATGGTTGAAGGTTGATTGCTGTACTTGCTTGTAAGCATGGGGGGGGGGTTTTGATGTGGATTGGGTTTTTATGTACTACAGGTGGTCAAGTATTTATGGTACCGTACAATATTCATGGTGGCTGGCAGTAATGTACGAAATACATAGCGGTTGTTGATGGGTGAGTCAATACTTGGGTGGTACCCAAATCTGCTTCCCCATGAAAGAA,http://boldsystems.org/index.php/Public_RecordView?processid=CYTC005-12,
106,Mute Swan,Cygnus olor,http://tolweb.org/Cygnus_olor/89159,GTGACCTTCATCAACCGATGACTATTTTCCACTAACCACAAAGATATCGGCACCCTATACCTTATCTTCGGGGCATGGGCAGGAATAGTCGGCACCGCACTCAGTCTGTTAATCCGCGCAGAACTAGGACAGCCAGGAACCCTCCTCGGCGACGACCAAATTTACAATGTAATCGTCACCGCCCACGCCTTCGTAATAATTTTCTTCATAGTCATACCCATTATGATCGGAGGGTTCGGCAACTGACTAGTCCCCCTCATAATCGGCGCCCCCGACATAGCATTCCCGCGAATGAATAACATAAGCTTCTGACTCCTTCCACCATCATTTCTCCTGCTGCTAGCCTCATCTACCGTAGAAGCCGGAGCCGGCACAGGCTGAACTGTCTACCCACCCCTAGCAGGTAACCTGGCCCACGCCGGAGCCTCAGTAGACCTAGCCATTTTCTCACTTCACTTAGCTGGTGTTTCCTCCATCCTCGGAGCTATTAACTTTATTACCACAGCCATCAACATAAAACCCCCTGCACTCTCACAGTACCAAACCCCACTGTTCGTCTGATCCGTCCTAATTACTGCCATCCTACTACTCCTGTCACTCCCTGTACTCGCCGCAGGTATCACAATGCTGCTAACCGACCGAAACCTAAACACCACATTCTTCGACCCCGCCGGAGGAGGAGACCCAATTCTATACCAACACCTATTCTGATTTTTTGGGCACCCAGAAGTCTATATCCTAATCTTGCCCGGATTTGGAATCATCTCACATGTAGTCACATACTACTCAGGCAAAAAAGAACCATTCGGCTACATAGGAATAGTCTGGGCTATGCTATCAATTGGATTCCTCGGGTTCATCGTCTGAGCCCACCACATATTCACAGTAGGAATGGACGTTGATACCCGAGCCTACTTTACATCAGCTACTATAATCATTGCCATCCCAACCGGAATCAAAGTATTTAGCTGACTAGCCACCCTGCATGGGGGAACAATTAAATGGGACCCCCCAATACTATGAGCCCTAGGATTTATTTTCCTATTTACCATCGGAGGACTAACAGGAATCGTCCTTGCAAACTCCTCCCTAGACATCGCCCTACACGACACGTACTACGTAGTTGCCCATTTCCACTACGTCCTATCTATGGGCGCCGTATTCGCCATTCTAGCAGGATTCACCCACTGATTCCCACTTCTCACCGGATTTACCTTACACCAAACATGAGCAAAAGCCCACTTCGGGGTAATATTCACAGGAGTAAACCTAACGTTCTTTCCTCAACACTTCCTGGGCCTAGCAGGAATACCCCGACGATACTCGGACTACCCCGACGCCTACACACTATGAAACACCGTGTCCTCCATCGGCTCCTTAATCTCAATAGTAGCCGTAATTATACTAATATTCATCATCTGAGAAGCCTTCTCAGCCAAACGAAAAGTCCTACAACCAGAGCTAACCGCCACAAACATTGAATGAATCCACGGCTGCCCTCCCCCATACCACACTTTCGAGGAACCGGCTTTCGTCCAAGTACAAGAA,http://boldsystems.org/index.php/Public_RecordView?processid=CYTC8107-15,
107,Canvasback,Aythya valisineria,http://tolweb.org/Aythya_valisineria/89259,GTGACCTTCATCAATCGATGATTATTCTCTACCAATCACAAAGACATCGGTACCCTATATCTTATCTTTGGGGCATGAGCCGGAATGATCGGCACAGCACTCAGCCTGCTAATCCGCGCAGAACTAGGCCAACCAGGAACCCTCCTAGGTGATGACCAGATTTACAACGTAATCGTCACCGCCCACGCCTTTGTAATAATCTTCTTCATAGTAATGCCCATCATAATCGGAGGGTTTGGCAACTGATTAGTCCCCCTAATAATCGGCGCCCCCGACATAGCATTCCCACGAATAAACAACATAAGCTTCTGGCTCCTCCCACCTTCATTCCTCCTCCTACTCGCCTCATCCACCGTAGAAGCTGGCGCCGGCACAGGCTGAACCGTGTACCCGCCTCTAGCAGGCAACCTAGCTCACGCTGGAGCCTCAGTAGACCTGGCCATTTTCTCCCTCCACTTAGCCGGTGTTTCCTCCATTCTCGGAGCCATTAACTTCATCACCACAGCCATCAACATAAAACCCCCTGCACTCTCACAATACCAGACCCCACTCTTCGTCTGATCCGTCCTAATTACCGCCATTCTACTCCTCCTATCACTACCCGTCCTCGCCGCTGGCATCACAATACTACTAACCGACCGAAACCTAAACACCACATTCTTTGACCCCGCCGGAGGAGGCGACCCAATCCTGTACCAACACCTATTCTGATTCTTCGGCCACCCGGAAGTCTACATCTTAATCCTCCCAGGATTCGGAATTATCTCCCACGTGGTCACATACTACTCAGGCAAAAAAGAACCCTTCGG,http://boldsystems.org/index.php/Public_RecordView?processid=BROMB440-06,
108,Starling,,,,,not available on TOL
109,Dunlin,Calidris alpina,http://tolweb.org/Calidris_alpina/90825,TTTTCTCCAACCCACAAAGACATTGGCACCCTATACCTAATCTTCGGCGCATGAGCTGGTATAGTTGGAACCGCCCTTAGCCTACTCATTCGTGCAGAACTAGGTCAACCTGGGACTCTTTTAGGAGATGACCAAATTTACAATGTTATTGTCACCGCACATGCCTTTGTAATAATCTTCTTCATAGTAATACCAATCATAATTGGTGGCTTCGGAAACTGACTGGTCCCACTTATAATCGGTGCCCCTGACATAGCATTCCCTCGCATAAACAACATAAGCTTCTGACTACTACCCCCATCATTCCTACTACTACTGGCATCATCTACAGTAGAAGCAGGTGCAGGTACAGGATGAACAGTATATCCTCCACTTGCTGGCAACTTAGCCCATGCCGGAGCTTCCGTAGACCTAGCTATCTTCTCTCTCCACTTAGCAGGTGTCTCCTCCATCCTAGGTGCTATTAATTTTATCACAACTGCTATTAACATAAAACCCCCAGCCCTCTCCCAATACCAAACACCCCTATTCGTATGATCAGTACTCATTACCGCTGTCTTACTATTACTCTCTCTCCCAGTCCTCGCTGCTGGTATTACTATGCTACTAACAGACCGAAACCTAAACACTACATTCTTCGACCCCGCCGGAGGAGGAGACCCAGTTCTATATCAACATCTCTTCTGATTCTTTGGCCACCCAGAAGTCTACATCCTAATTCTACCAGGATTTGGAATTATCTCCCACGTA,http://boldsystems.org/index.php/Public_RecordView?processid=BON193-07,
110,Partridge,,,,,ambiguous term
111,Emu,,,,,ambiguous term
112,Tree Sparrow,,,,,not available on TOL
113,Wigeon,,,,,ambiguous term
114,Pheasant,,,,,ambiguous term
115,Japanese Quail,Coturnix japonica,http://tolweb.org/Coturnix/57212,GTGACCTTCATCAACCGATGACTATTTTCAACTAACCACAAAGACATTGGCACTCTTTATCTTATTTTTGGTACATGAGCAGGCATAGCCGGTACAGCACTTAGCTTGTTAATCCGCGCAGAACTAGGACAACCAGGCACCCTCCTAGGAGATGACCAAATTTACAATGTAATTGTCACAGCACATGCCTTCGTCATAATCTTCTTTATAGTCATACCAATTATAATTGGAGGCTTCGGAAATTGACTCGTCCCACTTATAATCGGAGCCCCAGACATAGCATTCCCACGTATGAATAACATAAGCTTCTGACTCCTCCCACCCTCCTTCCTGCTGCTACTAGCTTCTTCCACCGTTGAAGCTGGTGCCGGTACAGGATGAACTGTCTACCCGCCCCTAGCCGGCAACCTCGCCCACGCCGGAGCATCAGTAGATCTAGCCATCTTCTCCCTACATTTAGCAGGTGTATCATCAATCCTAGGAGCCATCAACTTTATCACCACTATTATCAATATAAAACCCCCTGCACTGTCACAATACCAAACACCCCTATTTGTTTGATCAGTCCTCATCACCGCTATCTTACTCCTACTCTCCCTCCCAGTCCTAGCTGCTGGCATTACTATACTTCTAACTGATCGAAACCTCAACACTACATTCTTTGACCCTGCAGGAGGAGGAGACCCCATCCTGTATCAACACTTATTTTGATTCTTTGGACACCCAGAAGTCTACATCCTCATCCTCCCAGGCTTCGGAATCATCTCCCACGTAGTAGCCTACTACGCAGGGAAAAAAGAACCATTCGGCTATATAGGAATAGTGTGAGCAATATTATCAATCGGATTCCTAGGATTCATCGTATGAGCCCACCATATATTCACAGTAGGAATAGACGTAGATACACGAGCCTACTTTACATCAGCTACAATAATCATTGCCATCCCAACCGGTATCAAAGTTTTCAGCTGACTAGCAACCCTACACGGAGGAACAATCAAATGAGATCCGCCCATACTATGAGCCCTCGGATTCATCTTCCTATTCACCATCGGAGGACTAACAGGGATCGTTCTTGCCAATTCATCACTTGACATCGCCCTCCATGACACCTATTACGTAGTCGCCCACTTCCACTACGTCCTATCCATAGGAGCAGTCTTTGCTATTTTAGCAGGATTCACCCACTGATTCCCACTATTCACAGGCTTCACCCTTCATCCTACATGAACTAAGGCACACTTTGGAGTAATGTTCACAGGAGTCAACCTAACCTTCTTCCCACAGCACTTCCTAGGCCTAGCTGGTATACCCCGACGATACTCAGACTACCCAGATGCCTACACACTTTGAAACACACTATCCTCAATCGGCTCCTTAATCTCAATAACAGCCGTAATCATACTAATGTTTATTGTATGAGAAGCCTTCTCAGCAAAACGTAAAGTTCTTCAGCCAGAATTAACTGCTACCAACATCGAATGAATCCACGGCTGCCCACCCCCATACCACACCTTCGAAGAACCTGCCTTCGTCCAAGTACAAGAA,http://boldsystems.org/index.php/Public_RecordView?processid=GBIR0249-06,
116,Rhea,,,,,ambiguous term
117,Widgeon,,,,,not available on TOL
118,Saker Falcon,Falco cherrug,http://tolweb.org/Falco_cherrug/66451,GTGACTTTCATCAACCGATGACTATTTTCAACAAACCACAAAGACATTGGCACCCTATACCTACTCTTCGGAGCATGAGCAGGCATAGTCGGCACTGCCCTTAGCCTCCTTATTCGAACAGAACTTGGCCAACCAGGGACTCTCCTAGGAGATGACCAAATCTACAATGTCATTGTCACCGCCCATGCCTTCGTAATAATCTTTTTCATAGTCATACCCATTATGATCGGAGGGTTTGGAAACTGACTAGTCCCCCTTATAATTGGAGCTCCAGACATAGCATTCCCCCGCATAAACAACATGAGTTTCTGACTGCTCCCCCCATCCTTTCTACTACTCCTAGCATCTTCCACAGTAGAAGCGGGAGTTGGAACAGGATGAACCGTATACCCCCCCTTAGCAGGCAACCTAGCCCATGCCGGTGCTTCAGTAGACCTCGCCATTTTCTCCCTACACCTTGCAGGTGTATCTTCCATCTTAGGGGCAATCAACTTTATCACAACAGCCATTAACATAAAACCACCCGCCCTATCACAATATCAAACCCCACTATTCGTATGATCCGTACTTATCACCGCCGTACTCCTGCTTCTCTCACTTCCAGTTCTAGCTGCTGGCATCACCATACTACTAACCGACCGAAACCTAAACACTACATTCTTCGACCCCGCCGGAGGAGGAGACCCCATTCTCTATCAACACTTATTCTGATTCTTCGGCCACCCAGAAGTTTACATCCTAATCCTCCCTGGCTTTGGAATTATCTCACACGTAGTAACATATTACGCAGGCAAAAAAGAACCATTCGGCTACATAGGAATAGTCTGAGCTATACTATCAATTGGATTCCTAGGCTTTATTGTATGAGCCCATCACATATTCACCGTAGGAATAGATGTAGACACCCGAGCATATTTCACTTCCGCTACTATAATCATCGCTATCCCAACCGGCATTAAAGTATTCAGCTGACTAGCAACACTACATGGAGGCACCATCAAATGAGACCCACCAATACTATGAGCCTTAGGCTTTATCTTCCTATTCACAATCGGAGGGCTAACAGGCATCGTACTAGCAAACTCCTCACTAGACATTGCCCTACACGACACATACTACGTAGTCGCCCACTTCCACTACGTCCTCTCAATAGGAGCCGTATTTGCCATCCTAGCCGGATTTACCCACTGATTCCCCCTATTTACCGGATATACCCTACACCCCACATGATCCAAAACCCACTTCGGAATCATATTCACAGGTGTAAACCTAACGTTTTTCCCCCAACACTTCCTAGGCCTAGCCGGTATACCACGACGCTATTCAGACTACCCAGACGCTTACACCTTATGAAACACCCTTTCCTCTATCGGCTCCCTAATTTCAATAACAGCCGTAATCTTACTAATATTCATCATCTGAGAGGCATTTGCAGCAAAACGAAAAGTCCTTCAAACAGAATTAACCTCCACCAACATCGAATGAATCTACGGCTGCCCACCCCCATACCACACCTTTGAAGAACCAACCTTCGTCCAAACCCAAGAA,http://boldsystems.org/index.php/Public_RecordView?processid=CYTC8250-15,
119,Canada Goose,Branta canadensis,http://tolweb.org/Branta_canadensis/89149,GTGACCTTCATCAACCGATGACTATTTTCTACTAACCACAAAGATATCGGCACCCTATACCTCATCTTCGGAGCATGAGCAGGAATAGTCGGCACCGCACTCAGCCTATTAATCCGCGCAGAACTAGGACAACCAGGGACTCTCCTAGGCGACGACCAAATTTACAATGTAATCGTCACCGCCCACGCCTTCGTAATAATCTTCTTTATAGTCATACCCATCATGATCGGAGGATTCGGCAACTGATTAGTACCCCTCATAATCGGCGCCCCCGACATAGCATTCCCCCGAATAAATAACATAAGCTTTTGACTCCTCCCACCATCATTCCTCTTACTACTAGCCTCATCCACTGTAGAAGCTGGCGCCGGTACAGGCTGAACTGTATACCCTCCCCTGGCAGGTAACCTCGCCCACGCCGGGGCTTCAGTAGACCTGGCTATTTTCTCGCTTCACTTAGCCGGTGTCTCCTCCATCCTTGGGGCCATCAACTTCATTACCACAGCCATCAACATAAAACCCCCCGCACTCTCACAATACCAAACCCCACTGTTCGTCTGATCCGTCCTAATCACTGCCATCCTACTCCTCCTATCGCTCCCCGTACTCGCCGCCGGCATCACAATGCTACTAACTGACCGAAACCTAAACACCACATTCTTCGACCCCGCCGGAGGGGGAGACCCAATCCTGTACCAGCACCTATTCTGATTCTTCGGACACCCAGAAGTCTACATCCTGATTCTGCCCGGATTCGGGATCATCTCACACGTAGTCACGTACTACTCAGGCAAAAAAGAACCTTTCGGCTATATGGGAATAGTCTGAGCCATACTATCCATCGGCTTCCTAGGATTCATCGTCTGAGCCCACCACATATTTACAGTAGGAATAGACGTTGATACCCGAGCCTACTTTACGTCAGCCACTATGATCATCGCCATCCCAACCGGAATCAAAGTATTTAGCTGACTAGCCACCCTGCACGGAGGAACAATCAAATGAGACCCCCCAATACTATGAGCCCTAGGATTTATCTTCCTATTTACCATTGGAGGACTGACAGGAATCGTCCTTGCAAACTCTTCCCTAGACATCGCCCTGCACGACACGTACTACGTAGTTGCCCACTTCCACTACGTCCTGTCCATGGGAGCCGTCTTTGCCATTCTAGCAGGATTTACCCACTGATTCCCGCTACTCACTGGATTCACTCTACATCAAACATGAGCGAAAGCCCACTTCGGAGTAATATTTACAGGAGTAAACCTAACGTTCTTCCCCCAACACTTCCTAGGCCTAGCAGGAATGCCCCGACGATACTCAGACTACCCAGACGCCTACACACTATGAAACACCGTTTCCTCCATCGGCTCCTTAATCTCAATAGTAGCCGTAATCATGCTAATATTCATCATCTGAGAGGCCCTCTCAGCTAAACGAAAAGTCCTACAACCAGAACTAACTGCCACAAACGTTGAATGAATCCACGGCTGCCCTCCTCCATACCACACTTTCGAGGAACCAGCCTTTGTCCAAGTACAAGAA,http://boldsystems.org/index.php/Public_RecordView?processid=GBIR0261-06,
120,Softbill,,,,,not available on TOL
121,Barn Swallow,,,,,not available on TOL
122,Gadwall,Anas strepera,http://tolweb.org/Anas_strepera/89210,CTTATCTTCGGGGCATGGGCCGGAATAATTGGCACAGCACTCAGCCTGCTAATCCGCGCAGAACTAGGCCAGCCAGGGACCCTCCTGGGCGACGACCAAATTTATAACGTGATCGTCACCGCTCACGCCTTTGTAATAATCTTCTTCATAGTAATGCCCATCATAATTGGAGGATTCGGCAACTGATTAGTCCCTCTGATAATCGGTGCCCCCGACATAGCGTTCCCACGAATAAACAACATGAGCTTCTGACTCCTCCCACCGTCATTCCTCCTACTACTCGCCTCATCCACCGTAGAAGCTGGCGCTGGCACAGGTTGAACCGTGTACCCGCCCCTAGCAGGCAATCTAGCCCACGCCGGAGCCTCGGTAGACCTAGCTATCTTCTCACTCCACCTAGCCGGGGTCTCCTCCATCCTCGGAGCCATTAACTTCATTACCACGGCCATCAACATAAAACCCCCCGCACTCTCACAATACCAAACCCCACTTTTCGTTTGATCAGTCCTAATTACCGCCATCCTACTCCTCCTATCACTCCCCGTCCTCGCCGCCGGCATCACAATGCTATTAACCGACCGAAACCTAAACACCACATTCTTTGACCCCGCCGGAGGAGGAGACCCAATCCTGTACCAACACCTATTT,http://boldsystems.org/index.php/Public_RecordView?processid=BISE008-07,
123,Gull,,,,,ambiguous term
124,Barnacle Goose,Branta leucopsis,http://tolweb.org/Branta_leucopsis/89153,CTCATCTTCGGAGCATGAGCAGGAATAGTCGGCACCGCACTCAGCCTATTAATCCGCGCAGAACTAGGACAACCAGGGACTCTCCTAGGTGACGACCAAATTTACAATGTAATCGTCACCGCCCACGCCTTTGTAATAATCTTCTTTATAGTCATACCCATCATGATCGGAGGATTCGGCAACTGATTAGTACCCCTCATAATCGGCGCCCCCGACATAGCATTCCCCYGAATAAATAACATGAGCTTTTGACTCCTCCCACCATCATTCCTCCTACTACTAGCCTCGTCCACGGTAGAAGCTGGCGCCGGTACAGGCTGAACTGTATACCCTCCCCTGGCAGGTAACCTCGCCCACGCCGGGGCTTCAGTAGACCTGGCTATTTTCTCACTTCACTTAGCCGGTGTCTCCTCCATCCTTGGGGCCATCAACTTCATTACCACAGCCATCAACATAAAACCCCCCGCACTCTCACAATACCAAACCCCACTATTCGTCTGATCCGTCCTGATCACTGCCATCCTACTCCTCCTATCGCTCCCCGTACTCGCCGCCGGCATCACAATACTACTAACTGACCGAAACCTAAACACCACATTCTTCGACCCCGCCGGAGGGGGAGACCCAATCCTGTACCAACACCTATTC,http://boldsystems.org/index.php/Public_RecordView?processid=BISE142-08,
125,Panda,Ailuropoda melanoleuca,https://en.wikipedia.org/wiki/Giant_panda,ATGTTCATTAACCGATGACTGTTTTCCACCAACCACAAAGATATTGGCACTCTTTATCTTCTGTTTGGCGCATGAGCTGGTATAACGGGCACTGCTCTTAGCCTTCTAATCCGTGCTGAATTAGGTCAGCCTGGAGCTCTGTTAGGAGATGACCAAATTTACAATGTAGTTGTAACTGCCCACGCATTCGTAATAATCTTCTTTATAGTTATGCCTATTATGATCGGAGGCTTTGGAAATTGACTAGTACCTTTGATAATTGGTGCGCCTGATATAGCATTTCCCCGAATAAACAATATGAGTTTCTGATTACTACCTCCATCCTTTCTTCTCCTTCTGGCTTCTTCCATAGTAGAAGCAGGCGCAGGGACTGGATGAACTGTATACCCTCCTCTAGCAGGTAACTTAGCCCATGCAGGAGCATCAGTAGACCTAACAATCTTTTCTCTACATCTGGCAGGGGTTTCTTCTATTTTAGGGGCTATTAACTTTATTACCACTATCATCAACATGAAACCCCCTGCAATATCTCAATATCAAACTCCCCTATTCGTGTGATCAGTACTTATCACAGCAGTACTTCTCCTTCTATCTTTACCAGTCTTAGCAGCTGGAATTACTATACTACTTACAGATCGAAATCTCAATACTACTTTCTTCGACCCGGCCGGAGGAGGGGATCCCATTCTATATCAACATCTATTTTGATTCTTTGGCCATCCTGAAGTCTATATTCTAATCCTCCCTGGGTTTGGAATAATTTCACACATTGTCACATACTATTCAGGAAAGAAAGAGCCCTTTGGTTATATGGGAATAGTGTGGGCAATAATGTCAATTGGATTCTTAGGATTTATTGTATGGGCCCATCATATATTTACTGTAGGCATAGATGTTGATACACGAGCCTATTTTACCTCGGCCACTATAATTATTGCAATCCCGACAGGAGTTAAAGTATTCAGCTGACTAGCTACCCTGCATGGAGGAAATATTAAGTGATCCCCTGCCATAATGTGAGCCCTAGGTTTCATTTTTCTATTTACAGTAGGGGGTCTTACAGGCATTGTTCTAGCTAACTCATCTCTGGACATTGTCCTCCATGACACATACTACGTAGTAGCACACTTCCACTATGTACTATCAATAGGGGCCGTGTTCGCTATTATAGGAGGCTTCGTCCATTGATTCCCATTATTTTCGGGCTATACACTTAATAATACATGAGCAAAAATTCACTTCGTAATTATATTTGTTGGAGTCAATATAACATTCTTCCCCCAGCACTTCCTAGGTCTATCAGGTATGCCTCGACGATATTCTGATTATCCAGACGCCTATACAGCATGAAACACAGTGTCTTCAATGGGTTCATTCATTTCACTAACAGCAGTTATGTTAATAATTTTCATAATTTGAGAAGCCTTCGCATCTAAACGAGAAGTGGCAGTGATTGAGCTTACTACAACTAATATTGAATGGCTCCACGGATGTCCTCCCCCATACCATACATTCGAAGAGCCCGCCCACGTCATACTGAAATAA,http://boldsystems.org/index.php/Public_RecordView?processid=GTENK001-11,species name found on Wikipedia
126,Condor,,,,,ambiguous term
127,Unknown,,,,,ambiguous term
128,Flycatcher,,,,,ambiguous term
129,Waterfowl,,,,,ambiguous term
130,Grey Heron,Ardea cinerea,http://tolweb.org/Ardea_cinerea/89637,ATCTTCGGAGCATGAGCCGGCATAATTGGAACCGCCCTAAGCCTACTCATCCGAGCTGAACTTGGACAACCAGGGACGCTCCTAGGAGACGACCAAATCTACAATGTGATTGTTACTGCCCATGCCTTCGTAATAATCTTTTTTATAGTAATACCGATCATAATCGGAGGATTCGGAAATTGACTAGTCCCACTCATAATTGGTGCCCCAGACATAGCATTTCCGCGCATGAATAATATAAGCTTCTGACTTCTCCCGCCATCATTCATACTTCTTCTAGCCTCATCCACAGTTGAAGCAGGAGCAGGTACAGGTTGAACAGTTTACCCCCCATTAGCCGGTAACCTAGCTCATGCCGGAGCTTCAGTAGACCTAGCTATCTTCTCCCTCCACCTAGCGGGTGTATCCTCTATCCTGGGGGCAATTAACTTCATCACAACCGCTATCAACATAAAACCCCCAGCCCTATCACAGTATCAAACTCCCTTATTCGTATGATCCGTCCTAATTACTGCCGTCCTACTCCTACTCTCACTTCCAGTCCTCGCCGCAGGCATCACAATACTACTAACTGATCGAAACCTAAACACCACATTCTTTGACCCTGCCGGAGGCGGAGACCCAGTCCTCTACCAACATCTCTTCTGATTCTTTGGCCACCCAGAAGTCTACATCCTAATTCTCCCAGGATTTGGATACCTCCGACACATGTCTATA,http://boldsystems.org/index.php/Public_RecordView?processid=BJNSM339-10,
131,Grebe,,,,,ambiguous term
132,Mallard-Black Duck Hybrid,,,,,not available on TOL
133,Iceland Gull,Larus glaucoides,http://tolweb.org/Larus/90592,TCTTCGGCGCATGAGCTGGCATAGTAGGTACTGCCCTCAGCCTGCTTATCCGTGCAGAACTTGGCCAACCCGGAACCCTCCTAGGAGACGACCAAATCTATAACGTAATTGTCACCGCCCATGCCTTCGTGATAATCTTCTTCATAGTGATACCAATCATGATCGGTGGGTTTGGAAACTGACTAGTCCCACTTATAATCGGTGCCCCTGATATAGCATTTCCACGCATAAACAACATAAGCTTCTGACTATTACCCCCATCATTCCTACTCCTCCTAGCCTCTTCCACAGTAGAAGCTGGAGCCGGCACAGGATGAACAGTATACCCCCCTCTAGCTGGCAATCTAGCTCATGCTGGAGCCTCAGTAGACCTAGCAATCTTCTCTCTTCACTTAGCAGGTGTGTCTTCCATTCTGGGTGCTATCAACTTTATCACTACAGCCATCAACATAAAACCCCCTGCCCTCTCACAATATCAAACCCCACTATTCGTATGATCCGTACTCATCACTGCCGTCCTATTACTACTTTCACTCCCAGTGCTTGCCGCAGGCATTACTATGCTACTTACAGACCGAAACCTAAACACAACATTCTTCGATCCCGCCGGAGGCGGTGACCCTGTACTGTACCAACACCTCTTTTGATTCTTCGGCCACCCAGAAGTATACATC,http://boldsystems.org/index.php/Public_RecordView?processid=BROM785-07,
134,Shoveler,,,,,ambiguous term
135,Snow Goose,Chen caerulescens,http://tolweb.org/Chen_caerulescens/89145,CCTATACCTCATNTTCGGGGCATGAGCAGGAATAGTCGGCACCGCACTCAGCCTATTAATCCGCGCAGAACTAGGACAACCAGGAACTCTCCTAGGCGACGACCAAATTTACAATGTAATCGTTACCGCTCACGCCTTTGTAATAATCTTCTTTATAGTCATACCCATCATGATCGGAGGATTCGGCAACTGATTAGTCCCCCTCATAATCGGTGCCCCCGACATAGCATTCCCACGAATAAACAACATAAGCTTTTGACTCCTCCCCCCATCATTCCTCCTACTACTAGCCTCATCCACTGTAGAAGCCGGCGCCGGCACAGGCTGAACTGTCTACCCTCCCCTAGCAGGCAACCTCGCCCACGCCGGAGCTTCAGTAGACCTGGCTATCTTCTCACTCCACTTAGCCGGTATCTCCTCCATCCTTGGGGCCATCAACTTCATCACCACAGCCATCAACATAAAACCCCCCGCACTCTCACAATACCAAACCCCACTATTTGTCTGATCCGTACTAATTACCGCCATCCTACTCCTTCTATCACTCCCCGTACTCGCCGCCGGTATTACAATATTACTAACTGATCGAAACCTAAACACCACATTCTTCGACCCCGCTGGAGGAGGAGACCCAATCCTGTACCAACACCTATTCTGATTCTTCGGACACCCAGAAGTCTATATTCTGATTCTA,http://boldsystems.org/index.php/Public_RecordView?processid=KBNA567-04,
136,Sea Mammal,,,,,ambiguous term
137,Domestic Cat,Felis catus,http://tolweb.org/Felis_catus/123531,TCCGGGCCGAACTGGGCCAACCTGGTACACTACTAGGAGATGATCAGATTTACAATGTAATCGTCACTGCCCATGCTTTTGTAATGATCTTTTTTATGGTGATGCCTATTATAATTGGAGGGTTCGGAAACTGATTGGTCCCATTAATAATTGGAGCTCCTGACATAGCATTTCCCCGAATAAACAACATGAGCTTCTGACTCCTCCCTCCATCCTTTCTACTCCTACTCGCCTCATCTATGGTAGAAGCCGGAGCAGGAACTGGCTGAACAGTATACCCACCCCTAGCCGGCAACCTGGCTCATGCAGGAGCATCCGTAGACCTAACTATCTTTTCACTACACCTGGCAGGTGTCTCCTCAATCTTGGGTGCTATTAATTTCATTACTACTATTATTAATATAAAACCTCCTGCCATGTCCCAATATCAAACACCTCTATTTGTCTGATCAGTCTTAATCACTGCTGTCTTACTACTTCTATCACTTCCAGTCTTAGCAGCGGGAATCACTATATTACTAACAGATCGAAACCTAAACACCACATTCTTTGACCCCGCTGGGGGAGGAGATCCTATCTTATACCAACACTTATTC,http://boldsystems.org/index.php/Public_RecordView?processid=ABMC150-05,
138,Red Knot,Calidris canutus,http://tolweb.org/Calidris_canutus/90809,TTTTCTCCAACCCACAAAGACATTGGCACCCTATACCTAATCTTCGGTGCATGAGCTGGTATAGTTGGAACCGCCCTTAGCCTACTCATTCGCGCAGAACTAGGCCAACCCGGAACCCTCTTAGGAGATGACCAAATTTATAATGTAATTGTCACCGCCCACGCCTTCGTAATAATCTTCTTCATGGTAATGCCAATTATAATTGGTGGTTTCGGAAACTGACTAGTCCCCCTTATAATCGGCGCCCCCGACATAGCATTCCCTCGCATAAATAACATAAGCTTCTGACTTCTTCCCCCATCATTCCTCCTACTACTAGCATCCTCTACAGTAGAAGCTGGAGCAGGTACAGGATGAACAGTATACCCCCCACTCGCTGGTAACCTAGCCCATGCTGGAGCTTCCGTAGACCTAGCTATTTTCTCCCTCCACCTGGCAGGTGTCTCCTCTATTCTAGGTGCTATCAACTTCATCACAACTGCCATCAACATGAAGCCCCCAGCCCTATCTCAATACCAAACACCCCTATTTGTATGATCAGTACTTATTACCGCTGTTCTACTCTTACTTTCCCTTCCAGTCCTTGCCGCTGGCATTACTATACTACTAACAGACCGAAACCTAAACACTACATTCTTCGACCCAGCTGGAGGAGGAGACCCAGTCCTATACCAACACCTCTTCTGATTCTTCGGCCACCCAGAAGTCTACATTCTAATCCTACCAGGATTTGGAAT,http://boldsystems.org/index.php/Public_RecordView?processid=BON373-07,
139,Spot-Billed Duck,,,,,ambiguous term
140,Quail,,,,,ambiguous term
141,Coot,,,,,ambiguous term
142,Magpie,Anseranas semipalmata,http://tolweb.org/Anseranas_semipalmata/26294,GTGACCTTCATTAACCGCTGACTATTCTCAACTAACCATAAAGACATCGGCACTCTATACCTAATCTTCGGAGCATGAGCGGGTATAATCGGCACCGCACTTAGCCTATTAATCCGCGCAGAACTAGGACAACCAGGAACCCTCCTAGGCGATGACCAAATCTATAATGTAATCGTCACGGCTCATGCCTTCGTAATAATTTTCTTCATAGTCATGCCTATCATAATTGGTGGATTTGGAAACTGACTAGTCCCCCTCATAATTGGTGCCCCTGACATAGCATTTCCACGCATAAACAACATAAGCTTCTGACTTCTCCCTCCTTCCTTTCTCCTCCTACTAGCCTCCTCCACAGTAGAAGCTGGCGCCGGTACAGGATGAACTGTATATCCCCCTCTAGCAGGTAACCTTGCCCATGCCGGAGCCTCCGTGGACCTGGCCATCTTTTCCCTACACTTAGCAGGTGTTTCCTCTATCCTAGGAGCAATCAACTTCATCACAACTGCCATCAACATAAAACCCCCAGCACTCACACAATACCAAACCCCCTTATTCGTGTGATCAGTCCTAATCACTGCCATCTTACTACTCCTTTCCCTTCCAGTACTCGCCGCTGGTATTACCATGTTACTCACAGATCGAAACCTAAACACCACGTTCTTTGACCCAGCTGGAGGGGGAGACCCCGTCCTATACCAGCACCTCTTCTGATTCTTCGGACACCCAGAAGTCTACATCCTTATCCTCCCAGGCTTTGGGATCATCTCCCACGTAGTAACATACTACGCAGGCAAAAAAGAGCCATTTGGCTATATAGGCATGGTATGAGCCATACTATCAATTGGATTCCTGGGCTTCATTGTATGAGCCCACCATATATTCACAGTCGGAATGGACGTAGACACCCGAGCCTACTTTACATCAGCCACCATAATCATTGCCATTCCAACCGGCATCAAAGTCTTCAGCTGACTCGCTACCCTACACGGAGGGACAATTAAATGAGACCCACCCATCCTATGAGCCCTGGGATTTATCTTCCTATTCACTATCGGAGGCCTAACAGGAATCGTACTTGCAAACTCCTCACTAGATATCGCCCTGCATGACACCTACTATGTAGTAGCCCACTTCCACTACGTCCTCTCAATAGGAGCAGTCTTTGCTATCCTAGCAGGGTTCACTCACTGATTCCCCCTATTCACAGGCTTCACCCTCCACCCCACATGAGCAAAAGCCCATTTCGGAGTAATATTCACAGGAGTTAACCTAACCTTCTTCCCCCAACACTTCCTAGGCCTAGCAGGTATGCCACGACGATACTCAGACTACCCAGACGCCTACACACTATGAAACACCGTATCATCCATCGGCTCATTAATCTCAATAATAGCTGTAATCATACTAATATTCATTATCYGAGAAGCCTTTTCAGCAAAACGCAAAGTACTACAACCAGAGCTCACTGCTACYAACATTGAATGAATCCATGGCTGCCCGCCTCCCTACCACACCTTCGAAGAACCAGCCTTCGTCCAAGTACAAGAA,http://boldsystems.org/index.php/Public_RecordView?processid=GBIR0257-06,
143,Babbler,Eupetes macrocerus,http://tolweb.org/Eupetidae/79175,,,not available on BOLD
144,Guinea Fowl,,,,,ambiguous term
145,Black Scoter,Melanitta nigra,http://tolweb.org/Melanitta_nigra/89281,CTTATCTACNCGGCATGAGCCGGAATAATTGGCACAGCACTCAGCCTGCTAATCCGCGCAGAACTCGGCCAGCCGGGAACCCTCCTAGGCGACGACCAAATTTACAACGTAATCGTCACCGCCCATGCCTTTGTAATAATCTTCTTCATAGTGATACCCATCATAATCGGAGGATTTGGCAACTGATTAGTCCCCCTAATGATCGGCGCCCCCGACATAGCATTCCCACGAATAAACAACATAAGCTTCTGACTCCTCCCACCATCATTCCTCTTACTACTCGCCTCATCTACCGTAGAGGCTGGCGCCGGCACAGGCTGAACCGTGTACCCACCCCTAGCAGGCAACCTGGCCCACGCTGGGGCCTCAGTGGACCTAGCCATCTTCTCACTCCATTTAGCTGGTATTTCCTCCATCCTCGGGGCCATCAACTTCATCACCACGGCCATCAATATAAAACCCCCCGCACTCTCACAATACCAAACCCCACTTTTCGTCTGATCCGTCCTAATCACTGCCATCCTACTCCTCCTATCACTCCCCGTCCTCGCCGCCGGCATTACAATGCTGCTAACTGACCGAAACCTAAACACCACATTCTTCGACCCTGCCGGAGGAGGAGACCCGATCCTGTACCAACACCTATTC,http://boldsystems.org/index.php/Public_RecordView?processid=BISE179-08,
146,Magpie Robin,,,,,not available on TOL
147,Pigeon,,,,,ambiguous term
148,Sharp-Tailed Sandpiper,Calidris acuminata,http://tolweb.org/Calidris_acuminata/90821,GTGACTTTCATCAACCGATGATTATTCTCAACCAACCACAAAGACATCGGCACCCTATACCTGATCTTCGGCGCATGAGCTGGTATAGTTGGAACTGCCCTTAGCCTACTCATTCGTGCAGAACTAGGCCAACCCGGAACTCTCTTAGGAGACGATCAAATCTATAATGTAATTGTCACCGCCCACGCCTTTGTAATAATCTTCTTCATAGTAATGCCAATTATAATCGGTGGCTTCGGAAACTGACTAGTCCCACTTATAATTGGCGCCCCCGACATAGCATTCCCCCGCATAAACAACATAAGCTTCTGACTACTCCCCCCATCATTCCTACTGCTACTAGCATCATCTACAGTAGAAGCTGGGGCAGGCACAGGATGAACAGTATACCCTCCACTTGCCGGCAACCTAGCCCATGCCGGAGCTTCTGTAGACCTTGCTATCTTCTCCCTCCACCTGGCAGGTGTTTCTTCTATTTTAGGTGCTATCAACTTCATCACAACTGCCATTAACATAAAACCTCCAGCTCTCTCTCAATACCAAACACCACTATTCGTATGATCAGTACTTATCACCGCCGTTCTACTTCTACTCTCTCTCCCAGTTCTTGCTGCTGGCATTACTATGCTACTAACAGACCGAAACCTAAACACCACATTCTTTGATCCTGCCGGAGGAGGAGACCCAGTCCTATATCAGCACCTGTTCTGATTCTTCGGCCATCCAGAAGTCTACATCCTAATCTTACCGGGTTTCGGAATCATTTCACATGTCGTAGCCTATTATGCGGGCAAAAAAGAACCATTCGGATATATGGGAATAGTATGAGCTATACTATCCATCGGCTTCCTAGGATTCATCGTCTGAGCCCACCATATATTCACAGTAGGAATAGACGTA,http://boldsystems.org/index.php/Public_RecordView?processid=BROM278-06,
149,Common Goldeneye,Bucephala clangula,http://tolweb.org/Bucephala_clangula/89286,TTCTCCAACCACAAAGACATTGGCACCCTATATCTTATCTTCGGAGCATGAGCCGGGATAATTGGCACAGCACTCAGCCTGCTAATCCGCGCAGAACTCGGCCAGCCAGGGACCCTCCTGGGCGATGACCAAATTTACAACGTAGTCGTCACCGCCCACGCCTTTGTAATAATCTTCTTCATAGTAATGCCCATCATGATTGGAGGATTCGGCAACTGATTAGTCCCCCTAATAATCGGCGCCCCCGACATAGCATTCCCACGAATAAACAACATAAGCTTCTGACTCCTCCCACCGTCCTTTCTCCTCCTGCTCGCCTCATCTACCGTAGAGGCCGGCGCCGGCACAGGCTGAACCGTGTACCCACCCCTAGCAGGGAACCTAGCCCACGCCGGGGCCTCAGTAGACCTGGCTATCTTCTCCCTCCATTTGGCCGGTATTTCCTCCATCCTGGGGGCCATTAACTTCATCACCACAGCCATCAACATAAAACCTCCCGCACTCTCACAATACCAAACCCCACTCTTCGTCTGATCCGTCCTAATCACCGCCATCCTACTCCTCCTGTCACTCCCTGTCCTCGCTGCCGGCATCACAATGCTGCTAACTGACCGAAACCTAAACACCACATTCTTTGACCCCGCCGGGGGAGGAGACCCGATCCTATACCAACACCTATTCTGATTCTTCGGCCACCCAGAAGTCTACATCTTAATCCTCCCAGGATTTGGAATTATCTCCCACGTAA,http://boldsystems.org/index.php/Public_RecordView?processid=BON111-07,
150,Chukar,,,,,ambiguous term
151,Garganey,Anas querquedula,http://tolweb.org/Anas_querquedula/89246,TCTATACCTTATCTTCGGGGCATGAGCCGGAATAATTGGCACAGCACTAAGCCTACTAATCCGCGCAGAACTTGGTCAACCAGGAACCCTCCTGGGCGATGACCAAATTTACAACGTGATCGTCACCGCTCACGCCTTTGTAATAATTTTCTTCATAGTAATGCCCATCATAATTGGGGGATTTGGCAACTGATTGGTCCCCCTGATAATCGGTGCCCCCGACATAGCATTCCCACGAATAAATAACATAAGCTTCTGACTCCTTCCACCATCATTCCTTCTACTACTCGCCTCATCTACCGTAGAAGCTGGCGCTGGCACAGGTTGAACCGTGTACCCGCCCCTAGCAGGCAACCTAGCCCATGCCGGGGCATCAGTAGACCTGGCCATTTTCTCACTCCACCTAGCCGGTGTTTCCTCCATCCTTGGAGCCATTAACTTCATTACCACAGCCATCAACATAAAACCCCCTGCACTCTCACAGTACCAAACCCCACTTTTCGTCTGATCAGTCCTAATTACCGCCATCCTGCTCCTCCTGTCACTTCCTGTCCTTGCCGCCGGCATTACAATGCTGCTAACCGACCGGAACCTAAACACTACATTCTTTGACCCTGCCGGAGGAGGAGACCCGATCCTGTACCAACACCTATTTTGATTCTTCGGCCACCCAGAAGTTTATATCTTAATTCTT,http://boldsystems.org/index.php/Public_RecordView?processid=KBPBU045-06,